Workbook
Name Noten: Einstellungen!$B$7:$B$12
Name NGrenze: Einstellungen!$C$7:$C$12
Name NText: Einstellungen!$D$7:$D$12
Name PktStd: Einstellungen!$C$16
Name SchwelleDB: Einstellungen!$C$17
Name GewAn: Einstellungen!$C$18
Name GewP: Einstellungen!$C$19
Name GewT: Einstellungen!$C$20
Name WdhStd: Einstellungen!$C$21
Name WarnNote: Einstellungen!$C$22
Name Berufe: Einstellungen!$B$25:$B$34
Name AzubiAuswahl: OFFSET(Daten!$D$2452,0,0,MAX(1,Daten!$B$2344),1)
Name AzubiAktiv: OFFSET(Daten!$D$2557,0,0,MAX(1,Daten!$B$2556),1)
Name JahrAuswahl: OFFSET(Daten!$C$2662,0,0,1+COUNT(Daten!$B$2663:$B$2762),1)
Name BerufAuswahl: OFFSET(Daten!$C$2769,0,0,1+COUNTIF(Berufe,"?*"),1)
Name HJAuswahl: Daten!$C$1703:$J$1703

Sheet Start
A1: Azubi-Leistungen
A2: Überblick über Übungen, Tests und den Leistungsstand – Startseite und Inhaltsverzeichnis
A3: Farben: gelb = hier eintragen · grau-blau = rechnet die Datei selbst · „n.b.“ = nicht bewertet | J3: Kurzanleitung öffnen »
A4: Azubi-Ansicht | C4: Gesprächsseite | E4: Halbjahr | G4: Übungen verwalten | J4: Stammdaten | L4: Einstellungen
A6: =COUNTIF('Stammdaten'!$G$6:$G$105,"aktiv") | C6: =SUM(Daten!$C$5:$V$5) | E6: =IF(SUM(Daten!$C$1385:$V$1484)=0,"",SUMPRODUCT(Daten!$C$1385:$V$1484,Daten!$C$20:$V$119)/SUM(Daten!$C$1385:$V$1484)) | G6: =SUM(Daten!$G$2347:$G$2446) | J6: =IF(SUM(Daten!$C$16:$V$16)+SUMPRODUCT((Daten!$C$5:$V$5=1)*(Daten!$C$7:$V$7=0))+SUMPRODUCT((Daten!$C$5:$V$5=1)*(Daten!$C$6:$V$6=""))+SUMPRODUCT((Daten!$C$5:$V$5=1)*(Daten!$C$13:$V$13=0))+SUMPRODUCT(('Stammdaten'!$B$6:$B$105<>"")*('Stammdaten'!$F$6:$F$105=""))+SUMPRODUCT(('Stammdaten'!$J$6:$J$105<>"")*(COUNTIF('Stammdaten'!$J$6:$J$105,'Stammdaten'!$J$6:$J$105&"")>1))>0,"ROT - bitte die Punkte rechts unten klären",IF(SUM(Daten!$C$17:$V$17)+SUM(Daten!$C$18:$V$18)+SUMPRODUCT(('Stammdaten'!$B$6:$B$105<>"")*('Stammdaten'!$G$6:$G$105=""))>0,"GELB - Kleinigkeiten fehlen noch","GRÜN - alle Angaben vollständig"))
A7: aktive Azubis | C7: belegte Übungen | E7: Ø aller Bewertungen | G7: Azubis in der Warnübersicht
A9: Übungen – Kennzahlen und Sprung zum Blatt | J9: Datenprüfung
A10: Nr. | B10: Übung (anklicken) | C10: Art | D10: Datum | E10: Status | F10: bewertet | G10: Ø Prozent | H10: Ø IHK-Note | J10: Azubis ohne Ausbildungsstart | M10: =SUMPRODUCT(('Stammdaten'!$B$6:$B$105<>"")*('Stammdaten'!$F$6:$F$105=""))
A11: 1 | B11: =IF('Übungen'!$C6="","(frei – Übung 01)",'Übungen'!$C6) | C11: =IF('Übungen'!$C6="","",Daten!C$6) | D11: =IF('Übungen'!$C6="","",IF(Daten!C$7=0,"",Daten!C$7)) | E11: =IF('Übungen'!$C6="","",Daten!C$8) | F11: ='Übungen'!$L6 | G11: ='Übungen'!$M6 | H11: ='Übungen'!$N6 | J11: Azubis ohne Status | M11: =SUMPRODUCT(('Stammdaten'!$B$6:$B$105<>"")*('Stammdaten'!$G$6:$G$105=""))
A12: 2 | B12: =IF('Übungen'!$C7="","(frei – Übung 02)",'Übungen'!$C7) | C12: =IF('Übungen'!$C7="","",Daten!D$6) | D12: =IF('Übungen'!$C7="","",IF(Daten!D$7=0,"",Daten!D$7)) | E12: =IF('Übungen'!$C7="","",Daten!D$8) | F12: ='Übungen'!$L7 | G12: ='Übungen'!$M7 | H12: ='Übungen'!$N7 | J12: Übungen ohne Datum | M12: =SUMPRODUCT((Daten!$C$5:$V$5=1)*(Daten!$C$7:$V$7=0))
A13: 3 | B13: =IF('Übungen'!$C8="","(frei – Übung 03)",'Übungen'!$C8) | C13: =IF('Übungen'!$C8="","",Daten!E$6) | D13: =IF('Übungen'!$C8="","",IF(Daten!E$7=0,"",Daten!E$7)) | E13: =IF('Übungen'!$C8="","",Daten!E$8) | F13: ='Übungen'!$L8 | G13: ='Übungen'!$M8 | H13: ='Übungen'!$N8 | J13: Übungen ohne Art (Praxis/Theorie) | M13: =SUMPRODUCT((Daten!$C$5:$V$5=1)*(Daten!$C$6:$V$6=""))
A14: 4 | B14: =IF('Übungen'!$C9="","(frei – Übung 04)",'Übungen'!$C9) | C14: =IF('Übungen'!$C9="","",Daten!F$6) | D14: =IF('Übungen'!$C9="","",IF(Daten!F$7=0,"",Daten!F$7)) | E14: =IF('Übungen'!$C9="","",Daten!F$8) | F14: ='Übungen'!$L9 | G14: ='Übungen'!$M9 | H14: ='Übungen'!$N9 | J14: Übungen ohne Bewertungsparameter | M14: =SUMPRODUCT((Daten!$C$5:$V$5=1)*(Daten!$C$13:$V$13=0))
A15: 5 | B15: =IF('Übungen'!$C10="","(frei – Übung 05)",'Übungen'!$C10) | C15: =IF('Übungen'!$C10="","",Daten!G$6) | D15: =IF('Übungen'!$C10="","",IF(Daten!G$7=0,"",Daten!G$7)) | E15: =IF('Übungen'!$C10="","",Daten!G$8) | F15: ='Übungen'!$L10 | G15: ='Übungen'!$M10 | H15: ='Übungen'!$N10 | J15: angefangene, unvollständige Zeilen | M15: =SUM(Daten!$C$16:$V$16)
A16: 6 | B16: =IF('Übungen'!$C11="","(frei – Übung 06)",'Übungen'!$C11) | C16: =IF('Übungen'!$C11="","",Daten!H$6) | D16: =IF('Übungen'!$C11="","",IF(Daten!H$7=0,"",Daten!H$7)) | E16: =IF('Übungen'!$C11="","",Daten!H$8) | F16: ='Übungen'!$L11 | G16: ='Übungen'!$M11 | H16: ='Übungen'!$N11 | J16: ganze Zeile „n.b.“ ohne Grund | M16: =SUM(Daten!$C$17:$V$17)
A17: 7 | B17: =IF('Übungen'!$C12="","(frei – Übung 07)",'Übungen'!$C12) | C17: =IF('Übungen'!$C12="","",Daten!I$6) | D17: =IF('Übungen'!$C12="","",IF(Daten!I$7=0,"",Daten!I$7)) | E17: =IF('Übungen'!$C12="","",Daten!I$8) | F17: ='Übungen'!$L12 | G17: ='Übungen'!$M12 | H17: ='Übungen'!$N12 | J17: Übungen ohne Kürzel „Bewertet von“ | M17: =SUM(Daten!$C$18:$V$18)
A18: 8 | B18: =IF('Übungen'!$C13="","(frei – Übung 08)",'Übungen'!$C13) | C18: =IF('Übungen'!$C13="","",Daten!J$6) | D18: =IF('Übungen'!$C13="","",IF(Daten!J$7=0,"",Daten!J$7)) | E18: =IF('Übungen'!$C13="","",Daten!J$8) | F18: ='Übungen'!$L13 | G18: ='Übungen'!$M13 | H18: ='Übungen'!$N13 | J18: Azubis mit gleichem Namen | M18: =SUMPRODUCT(('Stammdaten'!$J$6:$J$105<>"")*(COUNTIF('Stammdaten'!$J$6:$J$105,'Stammdaten'!$J$6:$J$105&"")>1))
A19: 9 | B19: =IF('Übungen'!$C14="","(frei – Übung 09)",'Übungen'!$C14) | C19: =IF('Übungen'!$C14="","",Daten!K$6) | D19: =IF('Übungen'!$C14="","",IF(Daten!K$7=0,"",Daten!K$7)) | E19: =IF('Übungen'!$C14="","",Daten!K$8) | F19: ='Übungen'!$L14 | G19: ='Übungen'!$M14 | H19: ='Übungen'!$N14 | J19: =" Warnübersicht – zuletzt Note "&WarnNote&" oder schlechter"
A20: 10 | B20: =IF('Übungen'!$C15="","(frei – Übung 10)",'Übungen'!$C15) | C20: =IF('Übungen'!$C15="","",Daten!L$6) | D20: =IF('Übungen'!$C15="","",IF(Daten!L$7=0,"",Daten!L$7)) | E20: =IF('Übungen'!$C15="","",Daten!L$8) | F20: ='Übungen'!$L15 | G20: ='Übungen'!$M15 | H20: ='Übungen'!$N15 | J20: Azubi | K20: LJ / HJ | L20: Prozent | M20: IHK-Note
A21: 11 | B21: =IF('Übungen'!$C16="","(frei – Übung 11)",'Übungen'!$C16) | C21: =IF('Übungen'!$C16="","",Daten!M$6) | D21: =IF('Übungen'!$C16="","",IF(Daten!M$7=0,"",Daten!M$7)) | E21: =IF('Übungen'!$C16="","",Daten!M$8) | F21: ='Übungen'!$L16 | G21: ='Übungen'!$M16 | H21: ='Übungen'!$N16 | J21: =IF(IFERROR(SMALL(Daten!$H$2347:$H$2446,1),"")="","",INDEX('Stammdaten'!$J$6:$J$105,IFERROR(SMALL(Daten!$H$2347:$H$2446,1),""))) | K21: =IF(IFERROR(SMALL(Daten!$H$2347:$H$2446,1),"")="","",INDEX('Stammdaten'!$H$6:$H$105,IFERROR(SMALL(Daten!$H$2347:$H$2446,1),""))&" / "&INDEX(Daten!$C$2347:$C$2446,IFERROR(SMALL(Daten!$H$2347:$H$2446,1),""))) | L21: =IF(IFERROR(SMALL(Daten!$H$2347:$H$2446,1),"")="","",INDEX(Daten!$D$2347:$D$2446,IFERROR(SMALL(Daten!$H$2347:$H$2446,1),""))) | M21: =IF($L21="","",INDEX(Noten,MAX(1,MIN(COUNT(NGrenze),COUNT(NGrenze)+1-COUNTIF(NGrenze,"<="&$L21))))&" – "&INDEX(NText,MAX(1,MIN(COUNT(NGrenze),COUNT(NGrenze)+1-COUNTIF(NGrenze,"<="&$L21)))))
A22: 12 | B22: =IF('Übungen'!$C17="","(frei – Übung 12)",'Übungen'!$C17) | C22: =IF('Übungen'!$C17="","",Daten!N$6) | D22: =IF('Übungen'!$C17="","",IF(Daten!N$7=0,"",Daten!N$7)) | E22: =IF('Übungen'!$C17="","",Daten!N$8) | F22: ='Übungen'!$L17 | G22: ='Übungen'!$M17 | H22: ='Übungen'!$N17 | J22: =IF(IFERROR(SMALL(Daten!$H$2347:$H$2446,2),"")="","",INDEX('Stammdaten'!$J$6:$J$105,IFERROR(SMALL(Daten!$H$2347:$H$2446,2),""))) | K22: =IF(IFERROR(SMALL(Daten!$H$2347:$H$2446,2),"")="","",INDEX('Stammdaten'!$H$6:$H$105,IFERROR(SMALL(Daten!$H$2347:$H$2446,2),""))&" / "&INDEX(Daten!$C$2347:$C$2446,IFERROR(SMALL(Daten!$H$2347:$H$2446,2),""))) | L22: =IF(IFERROR(SMALL(Daten!$H$2347:$H$2446,2),"")="","",INDEX(Daten!$D$2347:$D$2446,IFERROR(SMALL(Daten!$H$2347:$H$2446,2),""))) | M22: =IF($L22="","",INDEX(Noten,MAX(1,MIN(COUNT(NGrenze),COUNT(NGrenze)+1-COUNTIF(NGrenze,"<="&$L22))))&" – "&INDEX(NText,MAX(1,MIN(COUNT(NGrenze),COUNT(NGrenze)+1-COUNTIF(NGrenze,"<="&$L22)))))
A23: 13 | B23: =IF('Übungen'!$C18="","(frei – Übung 13)",'Übungen'!$C18) | C23: =IF('Übungen'!$C18="","",Daten!O$6) | D23: =IF('Übungen'!$C18="","",IF(Daten!O$7=0,"",Daten!O$7)) | E23: =IF('Übungen'!$C18="","",Daten!O$8) | F23: ='Übungen'!$L18 | G23: ='Übungen'!$M18 | H23: ='Übungen'!$N18 | J23: =IF(IFERROR(SMALL(Daten!$H$2347:$H$2446,3),"")="","",INDEX('Stammdaten'!$J$6:$J$105,IFERROR(SMALL(Daten!$H$2347:$H$2446,3),""))) | K23: =IF(IFERROR(SMALL(Daten!$H$2347:$H$2446,3),"")="","",INDEX('Stammdaten'!$H$6:$H$105,IFERROR(SMALL(Daten!$H$2347:$H$2446,3),""))&" / "&INDEX(Daten!$C$2347:$C$2446,IFERROR(SMALL(Daten!$H$2347:$H$2446,3),""))) | L23: =IF(IFERROR(SMALL(Daten!$H$2347:$H$2446,3),"")="","",INDEX(Daten!$D$2347:$D$2446,IFERROR(SMALL(Daten!$H$2347:$H$2446,3),""))) | M23: =IF($L23="","",INDEX(Noten,MAX(1,MIN(COUNT(NGrenze),COUNT(NGrenze)+1-COUNTIF(NGrenze,"<="&$L23))))&" – "&INDEX(NText,MAX(1,MIN(COUNT(NGrenze),COUNT(NGrenze)+1-COUNTIF(NGrenze,"<="&$L23)))))
A24: 14 | B24: =IF('Übungen'!$C19="","(frei – Übung 14)",'Übungen'!$C19) | C24: =IF('Übungen'!$C19="","",Daten!P$6) | D24: =IF('Übungen'!$C19="","",IF(Daten!P$7=0,"",Daten!P$7)) | E24: =IF('Übungen'!$C19="","",Daten!P$8) | F24: ='Übungen'!$L19 | G24: ='Übungen'!$M19 | H24: ='Übungen'!$N19 | J24: =IF(IFERROR(SMALL(Daten!$H$2347:$H$2446,4),"")="","",INDEX('Stammdaten'!$J$6:$J$105,IFERROR(SMALL(Daten!$H$2347:$H$2446,4),""))) | K24: =IF(IFERROR(SMALL(Daten!$H$2347:$H$2446,4),"")="","",INDEX('Stammdaten'!$H$6:$H$105,IFERROR(SMALL(Daten!$H$2347:$H$2446,4),""))&" / "&INDEX(Daten!$C$2347:$C$2446,IFERROR(SMALL(Daten!$H$2347:$H$2446,4),""))) | L24: =IF(IFERROR(SMALL(Daten!$H$2347:$H$2446,4),"")="","",INDEX(Daten!$D$2347:$D$2446,IFERROR(SMALL(Daten!$H$2347:$H$2446,4),""))) | M24: =IF($L24="","",INDEX(Noten,MAX(1,MIN(COUNT(NGrenze),COUNT(NGrenze)+1-COUNTIF(NGrenze,"<="&$L24))))&" – "&INDEX(NText,MAX(1,MIN(COUNT(NGrenze),COUNT(NGrenze)+1-COUNTIF(NGrenze,"<="&$L24)))))
A25: 15 | B25: =IF('Übungen'!$C20="","(frei – Übung 15)",'Übungen'!$C20) | C25: =IF('Übungen'!$C20="","",Daten!Q$6) | D25: =IF('Übungen'!$C20="","",IF(Daten!Q$7=0,"",Daten!Q$7)) | E25: =IF('Übungen'!$C20="","",Daten!Q$8) | F25: ='Übungen'!$L20 | G25: ='Übungen'!$M20 | H25: ='Übungen'!$N20 | J25: =IF(IFERROR(SMALL(Daten!$H$2347:$H$2446,5),"")="","",INDEX('Stammdaten'!$J$6:$J$105,IFERROR(SMALL(Daten!$H$2347:$H$2446,5),""))) | K25: =IF(IFERROR(SMALL(Daten!$H$2347:$H$2446,5),"")="","",INDEX('Stammdaten'!$H$6:$H$105,IFERROR(SMALL(Daten!$H$2347:$H$2446,5),""))&" / "&INDEX(Daten!$C$2347:$C$2446,IFERROR(SMALL(Daten!$H$2347:$H$2446,5),""))) | L25: =IF(IFERROR(SMALL(Daten!$H$2347:$H$2446,5),"")="","",INDEX(Daten!$D$2347:$D$2446,IFERROR(SMALL(Daten!$H$2347:$H$2446,5),""))) | M25: =IF($L25="","",INDEX(Noten,MAX(1,MIN(COUNT(NGrenze),COUNT(NGrenze)+1-COUNTIF(NGrenze,"<="&$L25))))&" – "&INDEX(NText,MAX(1,MIN(COUNT(NGrenze),COUNT(NGrenze)+1-COUNTIF(NGrenze,"<="&$L25)))))
A26: 16 | B26: =IF('Übungen'!$C21="","(frei – Übung 16)",'Übungen'!$C21) | C26: =IF('Übungen'!$C21="","",Daten!R$6) | D26: =IF('Übungen'!$C21="","",IF(Daten!R$7=0,"",Daten!R$7)) | E26: =IF('Übungen'!$C21="","",Daten!R$8) | F26: ='Übungen'!$L21 | G26: ='Übungen'!$M21 | H26: ='Übungen'!$N21 | J26: =IF(IFERROR(SMALL(Daten!$H$2347:$H$2446,6),"")="","",INDEX('Stammdaten'!$J$6:$J$105,IFERROR(SMALL(Daten!$H$2347:$H$2446,6),""))) | K26: =IF(IFERROR(SMALL(Daten!$H$2347:$H$2446,6),"")="","",INDEX('Stammdaten'!$H$6:$H$105,IFERROR(SMALL(Daten!$H$2347:$H$2446,6),""))&" / "&INDEX(Daten!$C$2347:$C$2446,IFERROR(SMALL(Daten!$H$2347:$H$2446,6),""))) | L26: =IF(IFERROR(SMALL(Daten!$H$2347:$H$2446,6),"")="","",INDEX(Daten!$D$2347:$D$2446,IFERROR(SMALL(Daten!$H$2347:$H$2446,6),""))) | M26: =IF($L26="","",INDEX(Noten,MAX(1,MIN(COUNT(NGrenze),COUNT(NGrenze)+1-COUNTIF(NGrenze,"<="&$L26))))&" – "&INDEX(NText,MAX(1,MIN(COUNT(NGrenze),COUNT(NGrenze)+1-COUNTIF(NGrenze,"<="&$L26)))))
A27: 17 | B27: =IF('Übungen'!$C22="","(frei – Übung 17)",'Übungen'!$C22) | C27: =IF('Übungen'!$C22="","",Daten!S$6) | D27: =IF('Übungen'!$C22="","",IF(Daten!S$7=0,"",Daten!S$7)) | E27: =IF('Übungen'!$C22="","",Daten!S$8) | F27: ='Übungen'!$L22 | G27: ='Übungen'!$M22 | H27: ='Übungen'!$N22 | J27: =IF(IFERROR(SMALL(Daten!$H$2347:$H$2446,7),"")="","",INDEX('Stammdaten'!$J$6:$J$105,IFERROR(SMALL(Daten!$H$2347:$H$2446,7),""))) | K27: =IF(IFERROR(SMALL(Daten!$H$2347:$H$2446,7),"")="","",INDEX('Stammdaten'!$H$6:$H$105,IFERROR(SMALL(Daten!$H$2347:$H$2446,7),""))&" / "&INDEX(Daten!$C$2347:$C$2446,IFERROR(SMALL(Daten!$H$2347:$H$2446,7),""))) | L27: =IF(IFERROR(SMALL(Daten!$H$2347:$H$2446,7),"")="","",INDEX(Daten!$D$2347:$D$2446,IFERROR(SMALL(Daten!$H$2347:$H$2446,7),""))) | M27: =IF($L27="","",INDEX(Noten,MAX(1,MIN(COUNT(NGrenze),COUNT(NGrenze)+1-COUNTIF(NGrenze,"<="&$L27))))&" – "&INDEX(NText,MAX(1,MIN(COUNT(NGrenze),COUNT(NGrenze)+1-COUNTIF(NGrenze,"<="&$L27)))))
A28: 18 | B28: =IF('Übungen'!$C23="","(frei – Übung 18)",'Übungen'!$C23) | C28: =IF('Übungen'!$C23="","",Daten!T$6) | D28: =IF('Übungen'!$C23="","",IF(Daten!T$7=0,"",Daten!T$7)) | E28: =IF('Übungen'!$C23="","",Daten!T$8) | F28: ='Übungen'!$L23 | G28: ='Übungen'!$M23 | H28: ='Übungen'!$N23 | J28: =IF(IFERROR(SMALL(Daten!$H$2347:$H$2446,8),"")="","",INDEX('Stammdaten'!$J$6:$J$105,IFERROR(SMALL(Daten!$H$2347:$H$2446,8),""))) | K28: =IF(IFERROR(SMALL(Daten!$H$2347:$H$2446,8),"")="","",INDEX('Stammdaten'!$H$6:$H$105,IFERROR(SMALL(Daten!$H$2347:$H$2446,8),""))&" / "&INDEX(Daten!$C$2347:$C$2446,IFERROR(SMALL(Daten!$H$2347:$H$2446,8),""))) | L28: =IF(IFERROR(SMALL(Daten!$H$2347:$H$2446,8),"")="","",INDEX(Daten!$D$2347:$D$2446,IFERROR(SMALL(Daten!$H$2347:$H$2446,8),""))) | M28: =IF($L28="","",INDEX(Noten,MAX(1,MIN(COUNT(NGrenze),COUNT(NGrenze)+1-COUNTIF(NGrenze,"<="&$L28))))&" – "&INDEX(NText,MAX(1,MIN(COUNT(NGrenze),COUNT(NGrenze)+1-COUNTIF(NGrenze,"<="&$L28)))))
A29: 19 | B29: =IF('Übungen'!$C24="","(frei – Übung 19)",'Übungen'!$C24) | C29: =IF('Übungen'!$C24="","",Daten!U$6) | D29: =IF('Übungen'!$C24="","",IF(Daten!U$7=0,"",Daten!U$7)) | E29: =IF('Übungen'!$C24="","",Daten!U$8) | F29: ='Übungen'!$L24 | G29: ='Übungen'!$M24 | H29: ='Übungen'!$N24 | J29: =IF(IFERROR(SMALL(Daten!$H$2347:$H$2446,9),"")="","",INDEX('Stammdaten'!$J$6:$J$105,IFERROR(SMALL(Daten!$H$2347:$H$2446,9),""))) | K29: =IF(IFERROR(SMALL(Daten!$H$2347:$H$2446,9),"")="","",INDEX('Stammdaten'!$H$6:$H$105,IFERROR(SMALL(Daten!$H$2347:$H$2446,9),""))&" / "&INDEX(Daten!$C$2347:$C$2446,IFERROR(SMALL(Daten!$H$2347:$H$2446,9),""))) | L29: =IF(IFERROR(SMALL(Daten!$H$2347:$H$2446,9),"")="","",INDEX(Daten!$D$2347:$D$2446,IFERROR(SMALL(Daten!$H$2347:$H$2446,9),""))) | M29: =IF($L29="","",INDEX(Noten,MAX(1,MIN(COUNT(NGrenze),COUNT(NGrenze)+1-COUNTIF(NGrenze,"<="&$L29))))&" – "&INDEX(NText,MAX(1,MIN(COUNT(NGrenze),COUNT(NGrenze)+1-COUNTIF(NGrenze,"<="&$L29)))))
A30: 20 | B30: =IF('Übungen'!$C25="","(frei – Übung 20)",'Übungen'!$C25) | C30: =IF('Übungen'!$C25="","",Daten!V$6) | D30: =IF('Übungen'!$C25="","",IF(Daten!V$7=0,"",Daten!V$7)) | E30: =IF('Übungen'!$C25="","",Daten!V$8) | F30: ='Übungen'!$L25 | G30: ='Übungen'!$M25 | H30: ='Übungen'!$N25 | J30: =IF(IFERROR(SMALL(Daten!$H$2347:$H$2446,10),"")="","",INDEX('Stammdaten'!$J$6:$J$105,IFERROR(SMALL(Daten!$H$2347:$H$2446,10),""))) | K30: =IF(IFERROR(SMALL(Daten!$H$2347:$H$2446,10),"")="","",INDEX('Stammdaten'!$H$6:$H$105,IFERROR(SMALL(Daten!$H$2347:$H$2446,10),""))&" / "&INDEX(Daten!$C$2347:$C$2446,IFERROR(SMALL(Daten!$H$2347:$H$2446,10),""))) | L30: =IF(IFERROR(SMALL(Daten!$H$2347:$H$2446,10),"")="","",INDEX(Daten!$D$2347:$D$2446,IFERROR(SMALL(Daten!$H$2347:$H$2446,10),""))) | M30: =IF($L30="","",INDEX(Noten,MAX(1,MIN(COUNT(NGrenze),COUNT(NGrenze)+1-COUNTIF(NGrenze,"<="&$L30))))&" – "&INDEX(NText,MAX(1,MIN(COUNT(NGrenze),COUNT(NGrenze)+1-COUNTIF(NGrenze,"<="&$L30)))))
J31: =IF(SUM(Daten!$G$2347:$G$2446)>10,"… und "&(SUM(Daten!$G$2347:$G$2446)-10)&" weitere – vollständige Liste im Blatt „Halbjahr“","")
A32: Farblegende | C32: =INDEX(Noten,1)&" – "&INDEX(NText,1)&" (ab "&TEXT(INDEX(NGrenze,1)*100,"0")&" %)" | E32: =INDEX(Noten,2)&" – "&INDEX(NText,2)&" (ab "&TEXT(INDEX(NGrenze,2)*100,"0")&" %)" | G32: =INDEX(Noten,3)&" – "&INDEX(NText,3)&" (ab "&TEXT(INDEX(NGrenze,3)*100,"0")&" %)" | I32: =INDEX(Noten,4)&" – "&INDEX(NText,4)&" (ab "&TEXT(INDEX(NGrenze,4)*100,"0")&" %)" | K32: =INDEX(Noten,5)&" – "&INDEX(NText,5)&" (ab "&TEXT(INDEX(NGrenze,5)*100,"0")&" %)" | M32: =INDEX(Noten,6)&" – "&INDEX(NText,6)&" (ab "&TEXT(INDEX(NGrenze,6)*100,"0")&" %)"
A34: Farbe und Zahl sagen immer dasselbe – die Datei bleibt in Schwarz-Weiß und für Farbenblinde lesbar. Die Prozentgrenzen stehen im Blatt „Einstellungen“; wer sie dort ändert, ändert die Einfärbung überall mit. Die Datei liegt auf SharePoint: frühere Stände holt man über Datei > Informationen > Versionsverlauf zurück. Die Warnübersicht rechts bezieht sich auf das zuletzt bewertete Halbjahr des jeweiligen Azubis.

Sheet Azubi-Ansicht
A1: Azubi-Ansicht | J1: « Zurück zur Startseite
A2: Alles zu einem Azubi: laufende Projekte, bewertete Übungen, Halbjahre und Verlauf
A3: Farben: gelb = hier eintragen · grau-blau = rechnet die Datei selbst · „n.b.“ = nicht bewertet
A4: Filter Ausbildungsberuf | C4: (alle) | F4: Filter Jahrgang | H4: (alle) | J4: ="Azubis im Filter: "&Daten!$B$2344
A5: Azubi auswählen | C5: Berger, Lukas | F5: =IF(Daten!$B$2340=0,"Bitte oben einen Azubi auswählen – die Liste zeigt nur aktive Azubis, die zum Filter passen.","Ausgewählt: "&Daten!$B$2339)
A7: Name, Vorname | C7: Ausbildungsberuf | F7: Jahrgang | H7: Ausbildungsstart | J7: Lehrjahr | L7: aktuelles Halbjahr
A8: =IF(Daten!$B$2340=0,"–",INDEX('Stammdaten'!$J$6:$J$105,Daten!$B$2340)) | C8: =IF(Daten!$B$2340=0,"–",INDEX('Stammdaten'!$D$6:$D$105,Daten!$B$2340)) | F8: =IF(Daten!$B$2340=0,"–",INDEX('Stammdaten'!$E$6:$E$105,Daten!$B$2340)) | H8: =IF(Daten!$B$2340=0,"–",INDEX('Stammdaten'!$F$6:$F$105,Daten!$B$2340)) | J8: =IF(Daten!$B$2340=0,"–",INDEX('Stammdaten'!$H$6:$H$105,Daten!$B$2340)) | L8: =IF(Daten!$B$2340=0,"–",INDEX('Stammdaten'!$I$6:$I$105,Daten!$B$2340))
A10: Aktuell laufende Projekte
A11: Nr. | B11: Übung | C11: Art | D11: Datum | E11: Stand Punkte | F11: von max. | G11: Prozent | H11: Halbjahr | I11: Hinweis
A12: =IFERROR(SMALL(Daten!$C$2336:$V$2336,1),"") | B12: =IF($A12="","",INDEX(Daten!$C$4:$V$4,$A12)) | C12: =IF($A12="","",INDEX(Daten!$C$6:$V$6,$A12)) | D12: =IF($A12="","",IF(INDEX(Daten!$C$7:$V$7,$A12)=0,"",INDEX(Daten!$C$7:$V$7,$A12))) | E12: =IF($A12="","",INDEX(Daten!$C$335:$V$434,Daten!$B$2340,$A12)) | F12: =IF($A12="","",INDEX(Daten!$C$440:$V$539,Daten!$B$2340,$A12)) | G12: =IF($A12="","",IF(INDEX(Daten!$C$125:$V$224,Daten!$B$2340,$A12)=0,"",INDEX(Daten!$C$20:$V$119,Daten!$B$2340,$A12))) | H12: =IF($A12="","",IF(INDEX(Daten!$C$230:$V$329,Daten!$B$2340,$A12)=0,"–",INDEX(Daten!$C$230:$V$329,Daten!$B$2340,$A12))) | I12: =IF($A12="","",IF(INDEX(Daten!$C$125:$V$224,Daten!$B$2340,$A12)=1,"Zwischenstand – Übung läuft noch",IF(INDEX(Daten!$C$755:$V$854,Daten!$B$2340,$A12)=0,"noch nichts eingetragen","nicht bewertet"&IF(INDEX(Daten!$C$545:$V$644,Daten!$B$2340,$A12)="",""," ("&INDEX(Daten!$C$545:$V$644,Daten!$B$2340,$A12)&")"))))
A13: =IFERROR(SMALL(Daten!$C$2336:$V$2336,2),"") | B13: =IF($A13="","",INDEX(Daten!$C$4:$V$4,$A13)) | C13: =IF($A13="","",INDEX(Daten!$C$6:$V$6,$A13)) | D13: =IF($A13="","",IF(INDEX(Daten!$C$7:$V$7,$A13)=0,"",INDEX(Daten!$C$7:$V$7,$A13))) | E13: =IF($A13="","",INDEX(Daten!$C$335:$V$434,Daten!$B$2340,$A13)) | F13: =IF($A13="","",INDEX(Daten!$C$440:$V$539,Daten!$B$2340,$A13)) | G13: =IF($A13="","",IF(INDEX(Daten!$C$125:$V$224,Daten!$B$2340,$A13)=0,"",INDEX(Daten!$C$20:$V$119,Daten!$B$2340,$A13))) | H13: =IF($A13="","",IF(INDEX(Daten!$C$230:$V$329,Daten!$B$2340,$A13)=0,"–",INDEX(Daten!$C$230:$V$329,Daten!$B$2340,$A13))) | I13: =IF($A13="","",IF(INDEX(Daten!$C$125:$V$224,Daten!$B$2340,$A13)=1,"Zwischenstand – Übung läuft noch",IF(INDEX(Daten!$C$755:$V$854,Daten!$B$2340,$A13)=0,"noch nichts eingetragen","nicht bewertet"&IF(INDEX(Daten!$C$545:$V$644,Daten!$B$2340,$A13)="",""," ("&INDEX(Daten!$C$545:$V$644,Daten!$B$2340,$A13)&")"))))
A14: =IFERROR(SMALL(Daten!$C$2336:$V$2336,3),"") | B14: =IF($A14="","",INDEX(Daten!$C$4:$V$4,$A14)) | C14: =IF($A14="","",INDEX(Daten!$C$6:$V$6,$A14)) | D14: =IF($A14="","",IF(INDEX(Daten!$C$7:$V$7,$A14)=0,"",INDEX(Daten!$C$7:$V$7,$A14))) | E14: =IF($A14="","",INDEX(Daten!$C$335:$V$434,Daten!$B$2340,$A14)) | F14: =IF($A14="","",INDEX(Daten!$C$440:$V$539,Daten!$B$2340,$A14)) | G14: =IF($A14="","",IF(INDEX(Daten!$C$125:$V$224,Daten!$B$2340,$A14)=0,"",INDEX(Daten!$C$20:$V$119,Daten!$B$2340,$A14))) | H14: =IF($A14="","",IF(INDEX(Daten!$C$230:$V$329,Daten!$B$2340,$A14)=0,"–",INDEX(Daten!$C$230:$V$329,Daten!$B$2340,$A14))) | I14: =IF($A14="","",IF(INDEX(Daten!$C$125:$V$224,Daten!$B$2340,$A14)=1,"Zwischenstand – Übung läuft noch",IF(INDEX(Daten!$C$755:$V$854,Daten!$B$2340,$A14)=0,"noch nichts eingetragen","nicht bewertet"&IF(INDEX(Daten!$C$545:$V$644,Daten!$B$2340,$A14)="",""," ("&INDEX(Daten!$C$545:$V$644,Daten!$B$2340,$A14)&")"))))
A15: =IFERROR(SMALL(Daten!$C$2336:$V$2336,4),"") | B15: =IF($A15="","",INDEX(Daten!$C$4:$V$4,$A15)) | C15: =IF($A15="","",INDEX(Daten!$C$6:$V$6,$A15)) | D15: =IF($A15="","",IF(INDEX(Daten!$C$7:$V$7,$A15)=0,"",INDEX(Daten!$C$7:$V$7,$A15))) | E15: =IF($A15="","",INDEX(Daten!$C$335:$V$434,Daten!$B$2340,$A15)) | F15: =IF($A15="","",INDEX(Daten!$C$440:$V$539,Daten!$B$2340,$A15)) | G15: =IF($A15="","",IF(INDEX(Daten!$C$125:$V$224,Daten!$B$2340,$A15)=0,"",INDEX(Daten!$C$20:$V$119,Daten!$B$2340,$A15))) | H15: =IF($A15="","",IF(INDEX(Daten!$C$230:$V$329,Daten!$B$2340,$A15)=0,"–",INDEX(Daten!$C$230:$V$329,Daten!$B$2340,$A15))) | I15: =IF($A15="","",IF(INDEX(Daten!$C$125:$V$224,Daten!$B$2340,$A15)=1,"Zwischenstand – Übung läuft noch",IF(INDEX(Daten!$C$755:$V$854,Daten!$B$2340,$A15)=0,"noch nichts eingetragen","nicht bewertet"&IF(INDEX(Daten!$C$545:$V$644,Daten!$B$2340,$A15)="",""," ("&INDEX(Daten!$C$545:$V$644,Daten!$B$2340,$A15)&")"))))
A16: =IFERROR(SMALL(Daten!$C$2336:$V$2336,5),"") | B16: =IF($A16="","",INDEX(Daten!$C$4:$V$4,$A16)) | C16: =IF($A16="","",INDEX(Daten!$C$6:$V$6,$A16)) | D16: =IF($A16="","",IF(INDEX(Daten!$C$7:$V$7,$A16)=0,"",INDEX(Daten!$C$7:$V$7,$A16))) | E16: =IF($A16="","",INDEX(Daten!$C$335:$V$434,Daten!$B$2340,$A16)) | F16: =IF($A16="","",INDEX(Daten!$C$440:$V$539,Daten!$B$2340,$A16)) | G16: =IF($A16="","",IF(INDEX(Daten!$C$125:$V$224,Daten!$B$2340,$A16)=0,"",INDEX(Daten!$C$20:$V$119,Daten!$B$2340,$A16))) | H16: =IF($A16="","",IF(INDEX(Daten!$C$230:$V$329,Daten!$B$2340,$A16)=0,"–",INDEX(Daten!$C$230:$V$329,Daten!$B$2340,$A16))) | I16: =IF($A16="","",IF(INDEX(Daten!$C$125:$V$224,Daten!$B$2340,$A16)=1,"Zwischenstand – Übung läuft noch",IF(INDEX(Daten!$C$755:$V$854,Daten!$B$2340,$A16)=0,"noch nichts eingetragen","nicht bewertet"&IF(INDEX(Daten!$C$545:$V$644,Daten!$B$2340,$A16)="",""," ("&INDEX(Daten!$C$545:$V$644,Daten!$B$2340,$A16)&")"))))
A17: =IFERROR(SMALL(Daten!$C$2336:$V$2336,6),"") | B17: =IF($A17="","",INDEX(Daten!$C$4:$V$4,$A17)) | C17: =IF($A17="","",INDEX(Daten!$C$6:$V$6,$A17)) | D17: =IF($A17="","",IF(INDEX(Daten!$C$7:$V$7,$A17)=0,"",INDEX(Daten!$C$7:$V$7,$A17))) | E17: =IF($A17="","",INDEX(Daten!$C$335:$V$434,Daten!$B$2340,$A17)) | F17: =IF($A17="","",INDEX(Daten!$C$440:$V$539,Daten!$B$2340,$A17)) | G17: =IF($A17="","",IF(INDEX(Daten!$C$125:$V$224,Daten!$B$2340,$A17)=0,"",INDEX(Daten!$C$20:$V$119,Daten!$B$2340,$A17))) | H17: =IF($A17="","",IF(INDEX(Daten!$C$230:$V$329,Daten!$B$2340,$A17)=0,"–",INDEX(Daten!$C$230:$V$329,Daten!$B$2340,$A17))) | I17: =IF($A17="","",IF(INDEX(Daten!$C$125:$V$224,Daten!$B$2340,$A17)=1,"Zwischenstand – Übung läuft noch",IF(INDEX(Daten!$C$755:$V$854,Daten!$B$2340,$A17)=0,"noch nichts eingetragen","nicht bewertet"&IF(INDEX(Daten!$C$545:$V$644,Daten!$B$2340,$A17)="",""," ("&INDEX(Daten!$C$545:$V$644,Daten!$B$2340,$A17)&")"))))
A19: Übungen und Leistungen
A20: Nr. | B20: Übung | C20: Art | D20: Datum | E20: Status | F20: Punkte | G20: von max. | H20: Prozent | I20: IHK-Note | J20: zählt? | K20: Grund | L20: Bemerkung
A21: 1 | B21: =IF($A21="","",INDEX(Daten!$C$4:$V$4,$A21)) | C21: =IF($A21="","",INDEX(Daten!$C$6:$V$6,$A21)) | D21: =IF($A21="","",IF(INDEX(Daten!$C$7:$V$7,$A21)=0,"",INDEX(Daten!$C$7:$V$7,$A21))) | E21: =IF($A21="","",INDEX(Daten!$C$8:$V$8,$A21)) | F21: =IF($A21="","",IF(INDEX(Daten!$C$125:$V$224,Daten!$B$2340,$A21)=0,"",INDEX(Daten!$C$335:$V$434,Daten!$B$2340,$A21))) | G21: =IF($A21="","",IF(INDEX(Daten!$C$125:$V$224,Daten!$B$2340,$A21)=0,"",INDEX(Daten!$C$440:$V$539,Daten!$B$2340,$A21))) | H21: =IF($A21="","",IF(INDEX(Daten!$C$125:$V$224,Daten!$B$2340,$A21)=0,"",INDEX(Daten!$C$20:$V$119,Daten!$B$2340,$A21))) | I21: =IF($A21="","",IF(INDEX(Daten!$C$125:$V$224,Daten!$B$2340,$A21)=1,INDEX(Noten,MAX(1,MIN(COUNT(NGrenze),COUNT(NGrenze)+1-COUNTIF(NGrenze,"<="&$H21))))&" – "&INDEX(NText,MAX(1,MIN(COUNT(NGrenze),COUNT(NGrenze)+1-COUNTIF(NGrenze,"<="&$H21)))),IF(INDEX(Daten!$C$755:$V$854,Daten!$B$2340,$A21)=0,"","nicht bewertet"&IF(INDEX(Daten!$C$545:$V$644,Daten!$B$2340,$A21)="",""," ("&INDEX(Daten!$C$545:$V$644,Daten!$B$2340,$A21)&")")))) | J21: =IF($A21="","",IF(INDEX(Daten!$C$125:$V$224,Daten!$B$2340,$A21)=0,"–",IF(INDEX(Daten!$C$1595:$V$1694,Daten!$B$2340,$A21)=1,"ja",IF(INDEX(Daten!$C$1280:$V$1379,Daten!$B$2340,$A21)=0,"nein (Wdh.)","noch nicht (läuft)")))) | K21: =IF($A21="","",INDEX(Daten!$C$545:$V$644,Daten!$B$2340,$A21)) | L21: =IF($A21="","",INDEX(Daten!$C$1490:$V$1589,Daten!$B$2340,$A21))
A22: 2 | B22: =IF($A22="","",INDEX(Daten!$C$4:$V$4,$A22)) | C22: =IF($A22="","",INDEX(Daten!$C$6:$V$6,$A22)) | D22: =IF($A22="","",IF(INDEX(Daten!$C$7:$V$7,$A22)=0,"",INDEX(Daten!$C$7:$V$7,$A22))) | E22: =IF($A22="","",INDEX(Daten!$C$8:$V$8,$A22)) | F22: =IF($A22="","",IF(INDEX(Daten!$C$125:$V$224,Daten!$B$2340,$A22)=0,"",INDEX(Daten!$C$335:$V$434,Daten!$B$2340,$A22))) | G22: =IF($A22="","",IF(INDEX(Daten!$C$125:$V$224,Daten!$B$2340,$A22)=0,"",INDEX(Daten!$C$440:$V$539,Daten!$B$2340,$A22))) | H22: =IF($A22="","",IF(INDEX(Daten!$C$125:$V$224,Daten!$B$2340,$A22)=0,"",INDEX(Daten!$C$20:$V$119,Daten!$B$2340,$A22))) | I22: =IF($A22="","",IF(INDEX(Daten!$C$125:$V$224,Daten!$B$2340,$A22)=1,INDEX(Noten,MAX(1,MIN(COUNT(NGrenze),COUNT(NGrenze)+1-COUNTIF(NGrenze,"<="&$H22))))&" – "&INDEX(NText,MAX(1,MIN(COUNT(NGrenze),COUNT(NGrenze)+1-COUNTIF(NGrenze,"<="&$H22)))),IF(INDEX(Daten!$C$755:$V$854,Daten!$B$2340,$A22)=0,"","nicht bewertet"&IF(INDEX(Daten!$C$545:$V$644,Daten!$B$2340,$A22)="",""," ("&INDEX(Daten!$C$545:$V$644,Daten!$B$2340,$A22)&")")))) | J22: =IF($A22="","",IF(INDEX(Daten!$C$125:$V$224,Daten!$B$2340,$A22)=0,"–",IF(INDEX(Daten!$C$1595:$V$1694,Daten!$B$2340,$A22)=1,"ja",IF(INDEX(Daten!$C$1280:$V$1379,Daten!$B$2340,$A22)=0,"nein (Wdh.)","noch nicht (läuft)")))) | K22: =IF($A22="","",INDEX(Daten!$C$545:$V$644,Daten!$B$2340,$A22)) | L22: =IF($A22="","",INDEX(Daten!$C$1490:$V$1589,Daten!$B$2340,$A22))
A23: 3 | B23: =IF($A23="","",INDEX(Daten!$C$4:$V$4,$A23)) | C23: =IF($A23="","",INDEX(Daten!$C$6:$V$6,$A23)) | D23: =IF($A23="","",IF(INDEX(Daten!$C$7:$V$7,$A23)=0,"",INDEX(Daten!$C$7:$V$7,$A23))) | E23: =IF($A23="","",INDEX(Daten!$C$8:$V$8,$A23)) | F23: =IF($A23="","",IF(INDEX(Daten!$C$125:$V$224,Daten!$B$2340,$A23)=0,"",INDEX(Daten!$C$335:$V$434,Daten!$B$2340,$A23))) | G23: =IF($A23="","",IF(INDEX(Daten!$C$125:$V$224,Daten!$B$2340,$A23)=0,"",INDEX(Daten!$C$440:$V$539,Daten!$B$2340,$A23))) | H23: =IF($A23="","",IF(INDEX(Daten!$C$125:$V$224,Daten!$B$2340,$A23)=0,"",INDEX(Daten!$C$20:$V$119,Daten!$B$2340,$A23))) | I23: =IF($A23="","",IF(INDEX(Daten!$C$125:$V$224,Daten!$B$2340,$A23)=1,INDEX(Noten,MAX(1,MIN(COUNT(NGrenze),COUNT(NGrenze)+1-COUNTIF(NGrenze,"<="&$H23))))&" – "&INDEX(NText,MAX(1,MIN(COUNT(NGrenze),COUNT(NGrenze)+1-COUNTIF(NGrenze,"<="&$H23)))),IF(INDEX(Daten!$C$755:$V$854,Daten!$B$2340,$A23)=0,"","nicht bewertet"&IF(INDEX(Daten!$C$545:$V$644,Daten!$B$2340,$A23)="",""," ("&INDEX(Daten!$C$545:$V$644,Daten!$B$2340,$A23)&")")))) | J23: =IF($A23="","",IF(INDEX(Daten!$C$125:$V$224,Daten!$B$2340,$A23)=0,"–",IF(INDEX(Daten!$C$1595:$V$1694,Daten!$B$2340,$A23)=1,"ja",IF(INDEX(Daten!$C$1280:$V$1379,Daten!$B$2340,$A23)=0,"nein (Wdh.)","noch nicht (läuft)")))) | K23: =IF($A23="","",INDEX(Daten!$C$545:$V$644,Daten!$B$2340,$A23)) | L23: =IF($A23="","",INDEX(Daten!$C$1490:$V$1589,Daten!$B$2340,$A23))
A24: 4 | B24: =IF($A24="","",INDEX(Daten!$C$4:$V$4,$A24)) | C24: =IF($A24="","",INDEX(Daten!$C$6:$V$6,$A24)) | D24: =IF($A24="","",IF(INDEX(Daten!$C$7:$V$7,$A24)=0,"",INDEX(Daten!$C$7:$V$7,$A24))) | E24: =IF($A24="","",INDEX(Daten!$C$8:$V$8,$A24)) | F24: =IF($A24="","",IF(INDEX(Daten!$C$125:$V$224,Daten!$B$2340,$A24)=0,"",INDEX(Daten!$C$335:$V$434,Daten!$B$2340,$A24))) | G24: =IF($A24="","",IF(INDEX(Daten!$C$125:$V$224,Daten!$B$2340,$A24)=0,"",INDEX(Daten!$C$440:$V$539,Daten!$B$2340,$A24))) | H24: =IF($A24="","",IF(INDEX(Daten!$C$125:$V$224,Daten!$B$2340,$A24)=0,"",INDEX(Daten!$C$20:$V$119,Daten!$B$2340,$A24))) | I24: =IF($A24="","",IF(INDEX(Daten!$C$125:$V$224,Daten!$B$2340,$A24)=1,INDEX(Noten,MAX(1,MIN(COUNT(NGrenze),COUNT(NGrenze)+1-COUNTIF(NGrenze,"<="&$H24))))&" – "&INDEX(NText,MAX(1,MIN(COUNT(NGrenze),COUNT(NGrenze)+1-COUNTIF(NGrenze,"<="&$H24)))),IF(INDEX(Daten!$C$755:$V$854,Daten!$B$2340,$A24)=0,"","nicht bewertet"&IF(INDEX(Daten!$C$545:$V$644,Daten!$B$2340,$A24)="",""," ("&INDEX(Daten!$C$545:$V$644,Daten!$B$2340,$A24)&")")))) | J24: =IF($A24="","",IF(INDEX(Daten!$C$125:$V$224,Daten!$B$2340,$A24)=0,"–",IF(INDEX(Daten!$C$1595:$V$1694,Daten!$B$2340,$A24)=1,"ja",IF(INDEX(Daten!$C$1280:$V$1379,Daten!$B$2340,$A24)=0,"nein (Wdh.)","noch nicht (läuft)")))) | K24: =IF($A24="","",INDEX(Daten!$C$545:$V$644,Daten!$B$2340,$A24)) | L24: =IF($A24="","",INDEX(Daten!$C$1490:$V$1589,Daten!$B$2340,$A24))
A25: 5 | B25: =IF($A25="","",INDEX(Daten!$C$4:$V$4,$A25)) | C25: =IF($A25="","",INDEX(Daten!$C$6:$V$6,$A25)) | D25: =IF($A25="","",IF(INDEX(Daten!$C$7:$V$7,$A25)=0,"",INDEX(Daten!$C$7:$V$7,$A25))) | E25: =IF($A25="","",INDEX(Daten!$C$8:$V$8,$A25)) | F25: =IF($A25="","",IF(INDEX(Daten!$C$125:$V$224,Daten!$B$2340,$A25)=0,"",INDEX(Daten!$C$335:$V$434,Daten!$B$2340,$A25))) | G25: =IF($A25="","",IF(INDEX(Daten!$C$125:$V$224,Daten!$B$2340,$A25)=0,"",INDEX(Daten!$C$440:$V$539,Daten!$B$2340,$A25))) | H25: =IF($A25="","",IF(INDEX(Daten!$C$125:$V$224,Daten!$B$2340,$A25)=0,"",INDEX(Daten!$C$20:$V$119,Daten!$B$2340,$A25))) | I25: =IF($A25="","",IF(INDEX(Daten!$C$125:$V$224,Daten!$B$2340,$A25)=1,INDEX(Noten,MAX(1,MIN(COUNT(NGrenze),COUNT(NGrenze)+1-COUNTIF(NGrenze,"<="&$H25))))&" – "&INDEX(NText,MAX(1,MIN(COUNT(NGrenze),COUNT(NGrenze)+1-COUNTIF(NGrenze,"<="&$H25)))),IF(INDEX(Daten!$C$755:$V$854,Daten!$B$2340,$A25)=0,"","nicht bewertet"&IF(INDEX(Daten!$C$545:$V$644,Daten!$B$2340,$A25)="",""," ("&INDEX(Daten!$C$545:$V$644,Daten!$B$2340,$A25)&")")))) | J25: =IF($A25="","",IF(INDEX(Daten!$C$125:$V$224,Daten!$B$2340,$A25)=0,"–",IF(INDEX(Daten!$C$1595:$V$1694,Daten!$B$2340,$A25)=1,"ja",IF(INDEX(Daten!$C$1280:$V$1379,Daten!$B$2340,$A25)=0,"nein (Wdh.)","noch nicht (läuft)")))) | K25: =IF($A25="","",INDEX(Daten!$C$545:$V$644,Daten!$B$2340,$A25)) | L25: =IF($A25="","",INDEX(Daten!$C$1490:$V$1589,Daten!$B$2340,$A25))
A26: 6 | B26: =IF($A26="","",INDEX(Daten!$C$4:$V$4,$A26)) | C26: =IF($A26="","",INDEX(Daten!$C$6:$V$6,$A26)) | D26: =IF($A26="","",IF(INDEX(Daten!$C$7:$V$7,$A26)=0,"",INDEX(Daten!$C$7:$V$7,$A26))) | E26: =IF($A26="","",INDEX(Daten!$C$8:$V$8,$A26)) | F26: =IF($A26="","",IF(INDEX(Daten!$C$125:$V$224,Daten!$B$2340,$A26)=0,"",INDEX(Daten!$C$335:$V$434,Daten!$B$2340,$A26))) | G26: =IF($A26="","",IF(INDEX(Daten!$C$125:$V$224,Daten!$B$2340,$A26)=0,"",INDEX(Daten!$C$440:$V$539,Daten!$B$2340,$A26))) | H26: =IF($A26="","",IF(INDEX(Daten!$C$125:$V$224,Daten!$B$2340,$A26)=0,"",INDEX(Daten!$C$20:$V$119,Daten!$B$2340,$A26))) | I26: =IF($A26="","",IF(INDEX(Daten!$C$125:$V$224,Daten!$B$2340,$A26)=1,INDEX(Noten,MAX(1,MIN(COUNT(NGrenze),COUNT(NGrenze)+1-COUNTIF(NGrenze,"<="&$H26))))&" – "&INDEX(NText,MAX(1,MIN(COUNT(NGrenze),COUNT(NGrenze)+1-COUNTIF(NGrenze,"<="&$H26)))),IF(INDEX(Daten!$C$755:$V$854,Daten!$B$2340,$A26)=0,"","nicht bewertet"&IF(INDEX(Daten!$C$545:$V$644,Daten!$B$2340,$A26)="",""," ("&INDEX(Daten!$C$545:$V$644,Daten!$B$2340,$A26)&")")))) | J26: =IF($A26="","",IF(INDEX(Daten!$C$125:$V$224,Daten!$B$2340,$A26)=0,"–",IF(INDEX(Daten!$C$1595:$V$1694,Daten!$B$2340,$A26)=1,"ja",IF(INDEX(Daten!$C$1280:$V$1379,Daten!$B$2340,$A26)=0,"nein (Wdh.)","noch nicht (läuft)")))) | K26: =IF($A26="","",INDEX(Daten!$C$545:$V$644,Daten!$B$2340,$A26)) | L26: =IF($A26="","",INDEX(Daten!$C$1490:$V$1589,Daten!$B$2340,$A26))
A27: 7 | B27: =IF($A27="","",INDEX(Daten!$C$4:$V$4,$A27)) | C27: =IF($A27="","",INDEX(Daten!$C$6:$V$6,$A27)) | D27: =IF($A27="","",IF(INDEX(Daten!$C$7:$V$7,$A27)=0,"",INDEX(Daten!$C$7:$V$7,$A27))) | E27: =IF($A27="","",INDEX(Daten!$C$8:$V$8,$A27)) | F27: =IF($A27="","",IF(INDEX(Daten!$C$125:$V$224,Daten!$B$2340,$A27)=0,"",INDEX(Daten!$C$335:$V$434,Daten!$B$2340,$A27))) | G27: =IF($A27="","",IF(INDEX(Daten!$C$125:$V$224,Daten!$B$2340,$A27)=0,"",INDEX(Daten!$C$440:$V$539,Daten!$B$2340,$A27))) | H27: =IF($A27="","",IF(INDEX(Daten!$C$125:$V$224,Daten!$B$2340,$A27)=0,"",INDEX(Daten!$C$20:$V$119,Daten!$B$2340,$A27))) | I27: =IF($A27="","",IF(INDEX(Daten!$C$125:$V$224,Daten!$B$2340,$A27)=1,INDEX(Noten,MAX(1,MIN(COUNT(NGrenze),COUNT(NGrenze)+1-COUNTIF(NGrenze,"<="&$H27))))&" – "&INDEX(NText,MAX(1,MIN(COUNT(NGrenze),COUNT(NGrenze)+1-COUNTIF(NGrenze,"<="&$H27)))),IF(INDEX(Daten!$C$755:$V$854,Daten!$B$2340,$A27)=0,"","nicht bewertet"&IF(INDEX(Daten!$C$545:$V$644,Daten!$B$2340,$A27)="",""," ("&INDEX(Daten!$C$545:$V$644,Daten!$B$2340,$A27)&")")))) | J27: =IF($A27="","",IF(INDEX(Daten!$C$125:$V$224,Daten!$B$2340,$A27)=0,"–",IF(INDEX(Daten!$C$1595:$V$1694,Daten!$B$2340,$A27)=1,"ja",IF(INDEX(Daten!$C$1280:$V$1379,Daten!$B$2340,$A27)=0,"nein (Wdh.)","noch nicht (läuft)")))) | K27: =IF($A27="","",INDEX(Daten!$C$545:$V$644,Daten!$B$2340,$A27)) | L27: =IF($A27="","",INDEX(Daten!$C$1490:$V$1589,Daten!$B$2340,$A27))
A28: 8 | B28: =IF($A28="","",INDEX(Daten!$C$4:$V$4,$A28)) | C28: =IF($A28="","",INDEX(Daten!$C$6:$V$6,$A28)) | D28: =IF($A28="","",IF(INDEX(Daten!$C$7:$V$7,$A28)=0,"",INDEX(Daten!$C$7:$V$7,$A28))) | E28: =IF($A28="","",INDEX(Daten!$C$8:$V$8,$A28)) | F28: =IF($A28="","",IF(INDEX(Daten!$C$125:$V$224,Daten!$B$2340,$A28)=0,"",INDEX(Daten!$C$335:$V$434,Daten!$B$2340,$A28))) | G28: =IF($A28="","",IF(INDEX(Daten!$C$125:$V$224,Daten!$B$2340,$A28)=0,"",INDEX(Daten!$C$440:$V$539,Daten!$B$2340,$A28))) | H28: =IF($A28="","",IF(INDEX(Daten!$C$125:$V$224,Daten!$B$2340,$A28)=0,"",INDEX(Daten!$C$20:$V$119,Daten!$B$2340,$A28))) | I28: =IF($A28="","",IF(INDEX(Daten!$C$125:$V$224,Daten!$B$2340,$A28)=1,INDEX(Noten,MAX(1,MIN(COUNT(NGrenze),COUNT(NGrenze)+1-COUNTIF(NGrenze,"<="&$H28))))&" – "&INDEX(NText,MAX(1,MIN(COUNT(NGrenze),COUNT(NGrenze)+1-COUNTIF(NGrenze,"<="&$H28)))),IF(INDEX(Daten!$C$755:$V$854,Daten!$B$2340,$A28)=0,"","nicht bewertet"&IF(INDEX(Daten!$C$545:$V$644,Daten!$B$2340,$A28)="",""," ("&INDEX(Daten!$C$545:$V$644,Daten!$B$2340,$A28)&")")))) | J28: =IF($A28="","",IF(INDEX(Daten!$C$125:$V$224,Daten!$B$2340,$A28)=0,"–",IF(INDEX(Daten!$C$1595:$V$1694,Daten!$B$2340,$A28)=1,"ja",IF(INDEX(Daten!$C$1280:$V$1379,Daten!$B$2340,$A28)=0,"nein (Wdh.)","noch nicht (läuft)")))) | K28: =IF($A28="","",INDEX(Daten!$C$545:$V$644,Daten!$B$2340,$A28)) | L28: =IF($A28="","",INDEX(Daten!$C$1490:$V$1589,Daten!$B$2340,$A28))
A29: 9 | B29: =IF($A29="","",INDEX(Daten!$C$4:$V$4,$A29)) | C29: =IF($A29="","",INDEX(Daten!$C$6:$V$6,$A29)) | D29: =IF($A29="","",IF(INDEX(Daten!$C$7:$V$7,$A29)=0,"",INDEX(Daten!$C$7:$V$7,$A29))) | E29: =IF($A29="","",INDEX(Daten!$C$8:$V$8,$A29)) | F29: =IF($A29="","",IF(INDEX(Daten!$C$125:$V$224,Daten!$B$2340,$A29)=0,"",INDEX(Daten!$C$335:$V$434,Daten!$B$2340,$A29))) | G29: =IF($A29="","",IF(INDEX(Daten!$C$125:$V$224,Daten!$B$2340,$A29)=0,"",INDEX(Daten!$C$440:$V$539,Daten!$B$2340,$A29))) | H29: =IF($A29="","",IF(INDEX(Daten!$C$125:$V$224,Daten!$B$2340,$A29)=0,"",INDEX(Daten!$C$20:$V$119,Daten!$B$2340,$A29))) | I29: =IF($A29="","",IF(INDEX(Daten!$C$125:$V$224,Daten!$B$2340,$A29)=1,INDEX(Noten,MAX(1,MIN(COUNT(NGrenze),COUNT(NGrenze)+1-COUNTIF(NGrenze,"<="&$H29))))&" – "&INDEX(NText,MAX(1,MIN(COUNT(NGrenze),COUNT(NGrenze)+1-COUNTIF(NGrenze,"<="&$H29)))),IF(INDEX(Daten!$C$755:$V$854,Daten!$B$2340,$A29)=0,"","nicht bewertet"&IF(INDEX(Daten!$C$545:$V$644,Daten!$B$2340,$A29)="",""," ("&INDEX(Daten!$C$545:$V$644,Daten!$B$2340,$A29)&")")))) | J29: =IF($A29="","",IF(INDEX(Daten!$C$125:$V$224,Daten!$B$2340,$A29)=0,"–",IF(INDEX(Daten!$C$1595:$V$1694,Daten!$B$2340,$A29)=1,"ja",IF(INDEX(Daten!$C$1280:$V$1379,Daten!$B$2340,$A29)=0,"nein (Wdh.)","noch nicht (läuft)")))) | K29: =IF($A29="","",INDEX(Daten!$C$545:$V$644,Daten!$B$2340,$A29)) | L29: =IF($A29="","",INDEX(Daten!$C$1490:$V$1589,Daten!$B$2340,$A29))
A30: 10 | B30: =IF($A30="","",INDEX(Daten!$C$4:$V$4,$A30)) | C30: =IF($A30="","",INDEX(Daten!$C$6:$V$6,$A30)) | D30: =IF($A30="","",IF(INDEX(Daten!$C$7:$V$7,$A30)=0,"",INDEX(Daten!$C$7:$V$7,$A30))) | E30: =IF($A30="","",INDEX(Daten!$C$8:$V$8,$A30)) | F30: =IF($A30="","",IF(INDEX(Daten!$C$125:$V$224,Daten!$B$2340,$A30)=0,"",INDEX(Daten!$C$335:$V$434,Daten!$B$2340,$A30))) | G30: =IF($A30="","",IF(INDEX(Daten!$C$125:$V$224,Daten!$B$2340,$A30)=0,"",INDEX(Daten!$C$440:$V$539,Daten!$B$2340,$A30))) | H30: =IF($A30="","",IF(INDEX(Daten!$C$125:$V$224,Daten!$B$2340,$A30)=0,"",INDEX(Daten!$C$20:$V$119,Daten!$B$2340,$A30))) | I30: =IF($A30="","",IF(INDEX(Daten!$C$125:$V$224,Daten!$B$2340,$A30)=1,INDEX(Noten,MAX(1,MIN(COUNT(NGrenze),COUNT(NGrenze)+1-COUNTIF(NGrenze,"<="&$H30))))&" – "&INDEX(NText,MAX(1,MIN(COUNT(NGrenze),COUNT(NGrenze)+1-COUNTIF(NGrenze,"<="&$H30)))),IF(INDEX(Daten!$C$755:$V$854,Daten!$B$2340,$A30)=0,"","nicht bewertet"&IF(INDEX(Daten!$C$545:$V$644,Daten!$B$2340,$A30)="",""," ("&INDEX(Daten!$C$545:$V$644,Daten!$B$2340,$A30)&")")))) | J30: =IF($A30="","",IF(INDEX(Daten!$C$125:$V$224,Daten!$B$2340,$A30)=0,"–",IF(INDEX(Daten!$C$1595:$V$1694,Daten!$B$2340,$A30)=1,"ja",IF(INDEX(Daten!$C$1280:$V$1379,Daten!$B$2340,$A30)=0,"nein (Wdh.)","noch nicht (läuft)")))) | K30: =IF($A30="","",INDEX(Daten!$C$545:$V$644,Daten!$B$2340,$A30)) | L30: =IF($A30="","",INDEX(Daten!$C$1490:$V$1589,Daten!$B$2340,$A30))
A31: 11 | B31: =IF($A31="","",INDEX(Daten!$C$4:$V$4,$A31)) | C31: =IF($A31="","",INDEX(Daten!$C$6:$V$6,$A31)) | D31: =IF($A31="","",IF(INDEX(Daten!$C$7:$V$7,$A31)=0,"",INDEX(Daten!$C$7:$V$7,$A31))) | E31: =IF($A31="","",INDEX(Daten!$C$8:$V$8,$A31)) | F31: =IF($A31="","",IF(INDEX(Daten!$C$125:$V$224,Daten!$B$2340,$A31)=0,"",INDEX(Daten!$C$335:$V$434,Daten!$B$2340,$A31))) | G31: =IF($A31="","",IF(INDEX(Daten!$C$125:$V$224,Daten!$B$2340,$A31)=0,"",INDEX(Daten!$C$440:$V$539,Daten!$B$2340,$A31))) | H31: =IF($A31="","",IF(INDEX(Daten!$C$125:$V$224,Daten!$B$2340,$A31)=0,"",INDEX(Daten!$C$20:$V$119,Daten!$B$2340,$A31))) | I31: =IF($A31="","",IF(INDEX(Daten!$C$125:$V$224,Daten!$B$2340,$A31)=1,INDEX(Noten,MAX(1,MIN(COUNT(NGrenze),COUNT(NGrenze)+1-COUNTIF(NGrenze,"<="&$H31))))&" – "&INDEX(NText,MAX(1,MIN(COUNT(NGrenze),COUNT(NGrenze)+1-COUNTIF(NGrenze,"<="&$H31)))),IF(INDEX(Daten!$C$755:$V$854,Daten!$B$2340,$A31)=0,"","nicht bewertet"&IF(INDEX(Daten!$C$545:$V$644,Daten!$B$2340,$A31)="",""," ("&INDEX(Daten!$C$545:$V$644,Daten!$B$2340,$A31)&")")))) | J31: =IF($A31="","",IF(INDEX(Daten!$C$125:$V$224,Daten!$B$2340,$A31)=0,"–",IF(INDEX(Daten!$C$1595:$V$1694,Daten!$B$2340,$A31)=1,"ja",IF(INDEX(Daten!$C$1280:$V$1379,Daten!$B$2340,$A31)=0,"nein (Wdh.)","noch nicht (läuft)")))) | K31: =IF($A31="","",INDEX(Daten!$C$545:$V$644,Daten!$B$2340,$A31)) | L31: =IF($A31="","",INDEX(Daten!$C$1490:$V$1589,Daten!$B$2340,$A31))
A32: 12 | B32: =IF($A32="","",INDEX(Daten!$C$4:$V$4,$A32)) | C32: =IF($A32="","",INDEX(Daten!$C$6:$V$6,$A32)) | D32: =IF($A32="","",IF(INDEX(Daten!$C$7:$V$7,$A32)=0,"",INDEX(Daten!$C$7:$V$7,$A32))) | E32: =IF($A32="","",INDEX(Daten!$C$8:$V$8,$A32)) | F32: =IF($A32="","",IF(INDEX(Daten!$C$125:$V$224,Daten!$B$2340,$A32)=0,"",INDEX(Daten!$C$335:$V$434,Daten!$B$2340,$A32))) | G32: =IF($A32="","",IF(INDEX(Daten!$C$125:$V$224,Daten!$B$2340,$A32)=0,"",INDEX(Daten!$C$440:$V$539,Daten!$B$2340,$A32))) | H32: =IF($A32="","",IF(INDEX(Daten!$C$125:$V$224,Daten!$B$2340,$A32)=0,"",INDEX(Daten!$C$20:$V$119,Daten!$B$2340,$A32))) | I32: =IF($A32="","",IF(INDEX(Daten!$C$125:$V$224,Daten!$B$2340,$A32)=1,INDEX(Noten,MAX(1,MIN(COUNT(NGrenze),COUNT(NGrenze)+1-COUNTIF(NGrenze,"<="&$H32))))&" – "&INDEX(NText,MAX(1,MIN(COUNT(NGrenze),COUNT(NGrenze)+1-COUNTIF(NGrenze,"<="&$H32)))),IF(INDEX(Daten!$C$755:$V$854,Daten!$B$2340,$A32)=0,"","nicht bewertet"&IF(INDEX(Daten!$C$545:$V$644,Daten!$B$2340,$A32)="",""," ("&INDEX(Daten!$C$545:$V$644,Daten!$B$2340,$A32)&")")))) | J32: =IF($A32="","",IF(INDEX(Daten!$C$125:$V$224,Daten!$B$2340,$A32)=0,"–",IF(INDEX(Daten!$C$1595:$V$1694,Daten!$B$2340,$A32)=1,"ja",IF(INDEX(Daten!$C$1280:$V$1379,Daten!$B$2340,$A32)=0,"nein (Wdh.)","noch nicht (läuft)")))) | K32: =IF($A32="","",INDEX(Daten!$C$545:$V$644,Daten!$B$2340,$A32)) | L32: =IF($A32="","",INDEX(Daten!$C$1490:$V$1589,Daten!$B$2340,$A32))
... A40: 20 | B40: =IF($A40="","",INDEX(Daten!$C$4:$V$4,$A40)) | C40: =IF($A40="","",INDEX(Daten!$C$6:$V$6,$A40)) | D40: =IF($A40="","",IF(INDEX(Daten!$C$7:$V$7,$A40)=0,"",INDEX(Daten!$C$7:$V$7,$A40))) | E40: =IF($A40="","",INDEX(Daten!$C$8:$V$8,$A40)) | F40: =IF($A40="","",IF(INDEX(Daten!$C$125:$V$224,Daten!$B$2340,$A40)=0,"",INDEX(Daten!$C$335:$V$434,Daten!$B$2340,$A40))) | G40: =IF($A40="","",IF(INDEX(Daten!$C$125:$V$224,Daten!$B$2340,$A40)=0,"",INDEX(Daten!$C$440:$V$539,Daten!$B$2340,$A40))) | H40: =IF($A40="","",IF(INDEX(Daten!$C$125:$V$224,Daten!$B$2340,$A40)=0,"",INDEX(Daten!$C$20:$V$119,Daten!$B$2340,$A40))) | I40: =IF($A40="","",IF(INDEX(Daten!$C$125:$V$224,Daten!$B$2340,$A40)=1,INDEX(Noten,MAX(1,MIN(COUNT(NGrenze),COUNT(NGrenze)+1-COUNTIF(NGrenze,"<="&$H40))))&" – "&INDEX(NText,MAX(1,MIN(COUNT(NGrenze),COUNT(NGrenze)+1-COUNTIF(NGrenze,"<="&$H40)))),IF(INDEX(Daten!$C$755:$V$854,Daten!$B$2340,$A40)=0,"","nicht bewertet"&IF(INDEX(Daten!$C$545:$V$644,Daten!$B$2340,$A40)="",""," ("&INDEX(Daten!$C$545:$V$644,Daten!$B$2340,$A40)&")")))) | J40: =IF($A40="","",IF(INDEX(Daten!$C$125:$V$224,Daten!$B$2340,$A40)=0,"–",IF(INDEX(Daten!$C$1595:$V$1694,Daten!$B$2340,$A40)=1,"ja",IF(INDEX(Daten!$C$1280:$V$1379,Daten!$B$2340,$A40)=0,"nein (Wdh.)","noch nicht (läuft)")))) | K40: =IF($A40="","",INDEX(Daten!$C$545:$V$644,Daten!$B$2340,$A40)) | L40: =IF($A40="","",INDEX(Daten!$C$1490:$V$1589,Daten!$B$2340,$A40))
A42: Halbjahresauswertung für das Gespräch
A43: HJ | B43: Zeitraum ab Ausbildungsstart | C43: Übungen | D43: Praxis % | E43: Praxis Note | F43: Theorie % | G43: Theorie Note | H43: Gesamt % | I43: Gesamt Note | J43: Hinweis
A44: 1 | B44: ="Monat "&(1-1)*6+1&" bis "&1*6 | C44: =IF(Daten!$B$2340=0,"",INDEX(Daten!$C$1704:$J$1803,Daten!$B$2340,1)) | D44: =IF(Daten!$B$2340=0,"",INDEX(Daten!$C$2019:$J$2118,Daten!$B$2340,1)) | E44: =IF(NOT(ISNUMBER(D44)),"",INDEX(Noten,MAX(1,MIN(COUNT(NGrenze),COUNT(NGrenze)+1-COUNTIF(NGrenze,"<="&D44))))&" – "&INDEX(NText,MAX(1,MIN(COUNT(NGrenze),COUNT(NGrenze)+1-COUNTIF(NGrenze,"<="&D44))))) | F44: =IF(Daten!$B$2340=0,"",INDEX(Daten!$C$2124:$J$2223,Daten!$B$2340,1)) | G44: =IF(NOT(ISNUMBER(F44)),"",INDEX(Noten,MAX(1,MIN(COUNT(NGrenze),COUNT(NGrenze)+1-COUNTIF(NGrenze,"<="&F44))))&" – "&INDEX(NText,MAX(1,MIN(COUNT(NGrenze),COUNT(NGrenze)+1-COUNTIF(NGrenze,"<="&F44))))) | H44: =IF(Daten!$B$2340=0,"",INDEX(Daten!$C$2229:$J$2328,Daten!$B$2340,1)) | I44: =IF(NOT(ISNUMBER(H44)),"",INDEX(Noten,MAX(1,MIN(COUNT(NGrenze),COUNT(NGrenze)+1-COUNTIF(NGrenze,"<="&H44))))&" – "&INDEX(NText,MAX(1,MIN(COUNT(NGrenze),COUNT(NGrenze)+1-COUNTIF(NGrenze,"<="&H44))))) | J44: =IF(OR(Daten!$B$2340=0,C44=""),"",IF(C44=0,"keine Bewertung in diesem Halbjahr",IF(C44<SchwelleDB,"wenig Datenbasis ("&C44&" Übung"&IF(C44=1,"","en")&")","")))
A45: 2 | B45: ="Monat "&(2-1)*6+1&" bis "&2*6 | C45: =IF(Daten!$B$2340=0,"",INDEX(Daten!$C$1704:$J$1803,Daten!$B$2340,2)) | D45: =IF(Daten!$B$2340=0,"",INDEX(Daten!$C$2019:$J$2118,Daten!$B$2340,2)) | E45: =IF(NOT(ISNUMBER(D45)),"",INDEX(Noten,MAX(1,MIN(COUNT(NGrenze),COUNT(NGrenze)+1-COUNTIF(NGrenze,"<="&D45))))&" – "&INDEX(NText,MAX(1,MIN(COUNT(NGrenze),COUNT(NGrenze)+1-COUNTIF(NGrenze,"<="&D45))))) | F45: =IF(Daten!$B$2340=0,"",INDEX(Daten!$C$2124:$J$2223,Daten!$B$2340,2)) | G45: =IF(NOT(ISNUMBER(F45)),"",INDEX(Noten,MAX(1,MIN(COUNT(NGrenze),COUNT(NGrenze)+1-COUNTIF(NGrenze,"<="&F45))))&" – "&INDEX(NText,MAX(1,MIN(COUNT(NGrenze),COUNT(NGrenze)+1-COUNTIF(NGrenze,"<="&F45))))) | H45: =IF(Daten!$B$2340=0,"",INDEX(Daten!$C$2229:$J$2328,Daten!$B$2340,2)) | I45: =IF(NOT(ISNUMBER(H45)),"",INDEX(Noten,MAX(1,MIN(COUNT(NGrenze),COUNT(NGrenze)+1-COUNTIF(NGrenze,"<="&H45))))&" – "&INDEX(NText,MAX(1,MIN(COUNT(NGrenze),COUNT(NGrenze)+1-COUNTIF(NGrenze,"<="&H45))))) | J45: =IF(OR(Daten!$B$2340=0,C45=""),"",IF(C45=0,"keine Bewertung in diesem Halbjahr",IF(C45<SchwelleDB,"wenig Datenbasis ("&C45&" Übung"&IF(C45=1,"","en")&")","")))
A46: 3 | B46: ="Monat "&(3-1)*6+1&" bis "&3*6 | C46: =IF(Daten!$B$2340=0,"",INDEX(Daten!$C$1704:$J$1803,Daten!$B$2340,3)) | D46: =IF(Daten!$B$2340=0,"",INDEX(Daten!$C$2019:$J$2118,Daten!$B$2340,3)) | E46: =IF(NOT(ISNUMBER(D46)),"",INDEX(Noten,MAX(1,MIN(COUNT(NGrenze),COUNT(NGrenze)+1-COUNTIF(NGrenze,"<="&D46))))&" – "&INDEX(NText,MAX(1,MIN(COUNT(NGrenze),COUNT(NGrenze)+1-COUNTIF(NGrenze,"<="&D46))))) | F46: =IF(Daten!$B$2340=0,"",INDEX(Daten!$C$2124:$J$2223,Daten!$B$2340,3)) | G46: =IF(NOT(ISNUMBER(F46)),"",INDEX(Noten,MAX(1,MIN(COUNT(NGrenze),COUNT(NGrenze)+1-COUNTIF(NGrenze,"<="&F46))))&" – "&INDEX(NText,MAX(1,MIN(COUNT(NGrenze),COUNT(NGrenze)+1-COUNTIF(NGrenze,"<="&F46))))) | H46: =IF(Daten!$B$2340=0,"",INDEX(Daten!$C$2229:$J$2328,Daten!$B$2340,3)) | I46: =IF(NOT(ISNUMBER(H46)),"",INDEX(Noten,MAX(1,MIN(COUNT(NGrenze),COUNT(NGrenze)+1-COUNTIF(NGrenze,"<="&H46))))&" – "&INDEX(NText,MAX(1,MIN(COUNT(NGrenze),COUNT(NGrenze)+1-COUNTIF(NGrenze,"<="&H46))))) | J46: =IF(OR(Daten!$B$2340=0,C46=""),"",IF(C46=0,"keine Bewertung in diesem Halbjahr",IF(C46<SchwelleDB,"wenig Datenbasis ("&C46&" Übung"&IF(C46=1,"","en")&")","")))
A47: 4 | B47: ="Monat "&(4-1)*6+1&" bis "&4*6 | C47: =IF(Daten!$B$2340=0,"",INDEX(Daten!$C$1704:$J$1803,Daten!$B$2340,4)) | D47: =IF(Daten!$B$2340=0,"",INDEX(Daten!$C$2019:$J$2118,Daten!$B$2340,4)) | E47: =IF(NOT(ISNUMBER(D47)),"",INDEX(Noten,MAX(1,MIN(COUNT(NGrenze),COUNT(NGrenze)+1-COUNTIF(NGrenze,"<="&D47))))&" – "&INDEX(NText,MAX(1,MIN(COUNT(NGrenze),COUNT(NGrenze)+1-COUNTIF(NGrenze,"<="&D47))))) | F47: =IF(Daten!$B$2340=0,"",INDEX(Daten!$C$2124:$J$2223,Daten!$B$2340,4)) | G47: =IF(NOT(ISNUMBER(F47)),"",INDEX(Noten,MAX(1,MIN(COUNT(NGrenze),COUNT(NGrenze)+1-COUNTIF(NGrenze,"<="&F47))))&" – "&INDEX(NText,MAX(1,MIN(COUNT(NGrenze),COUNT(NGrenze)+1-COUNTIF(NGrenze,"<="&F47))))) | H47: =IF(Daten!$B$2340=0,"",INDEX(Daten!$C$2229:$J$2328,Daten!$B$2340,4)) | I47: =IF(NOT(ISNUMBER(H47)),"",INDEX(Noten,MAX(1,MIN(COUNT(NGrenze),COUNT(NGrenze)+1-COUNTIF(NGrenze,"<="&H47))))&" – "&INDEX(NText,MAX(1,MIN(COUNT(NGrenze),COUNT(NGrenze)+1-COUNTIF(NGrenze,"<="&H47))))) | J47: =IF(OR(Daten!$B$2340=0,C47=""),"",IF(C47=0,"keine Bewertung in diesem Halbjahr",IF(C47<SchwelleDB,"wenig Datenbasis ("&C47&" Übung"&IF(C47=1,"","en")&")","")))
A48: 5 | B48: ="Monat "&(5-1)*6+1&" bis "&5*6 | C48: =IF(Daten!$B$2340=0,"",INDEX(Daten!$C$1704:$J$1803,Daten!$B$2340,5)) | D48: =IF(Daten!$B$2340=0,"",INDEX(Daten!$C$2019:$J$2118,Daten!$B$2340,5)) | E48: =IF(NOT(ISNUMBER(D48)),"",INDEX(Noten,MAX(1,MIN(COUNT(NGrenze),COUNT(NGrenze)+1-COUNTIF(NGrenze,"<="&D48))))&" – "&INDEX(NText,MAX(1,MIN(COUNT(NGrenze),COUNT(NGrenze)+1-COUNTIF(NGrenze,"<="&D48))))) | F48: =IF(Daten!$B$2340=0,"",INDEX(Daten!$C$2124:$J$2223,Daten!$B$2340,5)) | G48: =IF(NOT(ISNUMBER(F48)),"",INDEX(Noten,MAX(1,MIN(COUNT(NGrenze),COUNT(NGrenze)+1-COUNTIF(NGrenze,"<="&F48))))&" – "&INDEX(NText,MAX(1,MIN(COUNT(NGrenze),COUNT(NGrenze)+1-COUNTIF(NGrenze,"<="&F48))))) | H48: =IF(Daten!$B$2340=0,"",INDEX(Daten!$C$2229:$J$2328,Daten!$B$2340,5)) | I48: =IF(NOT(ISNUMBER(H48)),"",INDEX(Noten,MAX(1,MIN(COUNT(NGrenze),COUNT(NGrenze)+1-COUNTIF(NGrenze,"<="&H48))))&" – "&INDEX(NText,MAX(1,MIN(COUNT(NGrenze),COUNT(NGrenze)+1-COUNTIF(NGrenze,"<="&H48))))) | J48: =IF(OR(Daten!$B$2340=0,C48=""),"",IF(C48=0,"keine Bewertung in diesem Halbjahr",IF(C48<SchwelleDB,"wenig Datenbasis ("&C48&" Übung"&IF(C48=1,"","en")&")","")))
A49: 6 | B49: ="Monat "&(6-1)*6+1&" bis "&6*6 | C49: =IF(Daten!$B$2340=0,"",INDEX(Daten!$C$1704:$J$1803,Daten!$B$2340,6)) | D49: =IF(Daten!$B$2340=0,"",INDEX(Daten!$C$2019:$J$2118,Daten!$B$2340,6)) | E49: =IF(NOT(ISNUMBER(D49)),"",INDEX(Noten,MAX(1,MIN(COUNT(NGrenze),COUNT(NGrenze)+1-COUNTIF(NGrenze,"<="&D49))))&" – "&INDEX(NText,MAX(1,MIN(COUNT(NGrenze),COUNT(NGrenze)+1-COUNTIF(NGrenze,"<="&D49))))) | F49: =IF(Daten!$B$2340=0,"",INDEX(Daten!$C$2124:$J$2223,Daten!$B$2340,6)) | G49: =IF(NOT(ISNUMBER(F49)),"",INDEX(Noten,MAX(1,MIN(COUNT(NGrenze),COUNT(NGrenze)+1-COUNTIF(NGrenze,"<="&F49))))&" – "&INDEX(NText,MAX(1,MIN(COUNT(NGrenze),COUNT(NGrenze)+1-COUNTIF(NGrenze,"<="&F49))))) | H49: =IF(Daten!$B$2340=0,"",INDEX(Daten!$C$2229:$J$2328,Daten!$B$2340,6)) | I49: =IF(NOT(ISNUMBER(H49)),"",INDEX(Noten,MAX(1,MIN(COUNT(NGrenze),COUNT(NGrenze)+1-COUNTIF(NGrenze,"<="&H49))))&" – "&INDEX(NText,MAX(1,MIN(COUNT(NGrenze),COUNT(NGrenze)+1-COUNTIF(NGrenze,"<="&H49))))) | J49: =IF(OR(Daten!$B$2340=0,C49=""),"",IF(C49=0,"keine Bewertung in diesem Halbjahr",IF(C49<SchwelleDB,"wenig Datenbasis ("&C49&" Übung"&IF(C49=1,"","en")&")","")))
A50: 7 | B50: ="Monat "&(7-1)*6+1&" bis "&7*6 | C50: =IF(Daten!$B$2340=0,"",INDEX(Daten!$C$1704:$J$1803,Daten!$B$2340,7)) | D50: =IF(Daten!$B$2340=0,"",INDEX(Daten!$C$2019:$J$2118,Daten!$B$2340,7)) | E50: =IF(NOT(ISNUMBER(D50)),"",INDEX(Noten,MAX(1,MIN(COUNT(NGrenze),COUNT(NGrenze)+1-COUNTIF(NGrenze,"<="&D50))))&" – "&INDEX(NText,MAX(1,MIN(COUNT(NGrenze),COUNT(NGrenze)+1-COUNTIF(NGrenze,"<="&D50))))) | F50: =IF(Daten!$B$2340=0,"",INDEX(Daten!$C$2124:$J$2223,Daten!$B$2340,7)) | G50: =IF(NOT(ISNUMBER(F50)),"",INDEX(Noten,MAX(1,MIN(COUNT(NGrenze),COUNT(NGrenze)+1-COUNTIF(NGrenze,"<="&F50))))&" – "&INDEX(NText,MAX(1,MIN(COUNT(NGrenze),COUNT(NGrenze)+1-COUNTIF(NGrenze,"<="&F50))))) | H50: =IF(Daten!$B$2340=0,"",INDEX(Daten!$C$2229:$J$2328,Daten!$B$2340,7)) | I50: =IF(NOT(ISNUMBER(H50)),"",INDEX(Noten,MAX(1,MIN(COUNT(NGrenze),COUNT(NGrenze)+1-COUNTIF(NGrenze,"<="&H50))))&" – "&INDEX(NText,MAX(1,MIN(COUNT(NGrenze),COUNT(NGrenze)+1-COUNTIF(NGrenze,"<="&H50))))) | J50: =IF(OR(Daten!$B$2340=0,C50=""),"",IF(C50=0,"keine Bewertung in diesem Halbjahr",IF(C50<SchwelleDB,"wenig Datenbasis ("&C50&" Übung"&IF(C50=1,"","en")&")","")))
A51: 8 | B51: ="Monat "&(8-1)*6+1&" bis "&8*6 | C51: =IF(Daten!$B$2340=0,"",INDEX(Daten!$C$1704:$J$1803,Daten!$B$2340,8)) | D51: =IF(Daten!$B$2340=0,"",INDEX(Daten!$C$2019:$J$2118,Daten!$B$2340,8)) | E51: =IF(NOT(ISNUMBER(D51)),"",INDEX(Noten,MAX(1,MIN(COUNT(NGrenze),COUNT(NGrenze)+1-COUNTIF(NGrenze,"<="&D51))))&" – "&INDEX(NText,MAX(1,MIN(COUNT(NGrenze),COUNT(NGrenze)+1-COUNTIF(NGrenze,"<="&D51))))) | F51: =IF(Daten!$B$2340=0,"",INDEX(Daten!$C$2124:$J$2223,Daten!$B$2340,8)) | G51: =IF(NOT(ISNUMBER(F51)),"",INDEX(Noten,MAX(1,MIN(COUNT(NGrenze),COUNT(NGrenze)+1-COUNTIF(NGrenze,"<="&F51))))&" – "&INDEX(NText,MAX(1,MIN(COUNT(NGrenze),COUNT(NGrenze)+1-COUNTIF(NGrenze,"<="&F51))))) | H51: =IF(Daten!$B$2340=0,"",INDEX(Daten!$C$2229:$J$2328,Daten!$B$2340,8)) | I51: =IF(NOT(ISNUMBER(H51)),"",INDEX(Noten,MAX(1,MIN(COUNT(NGrenze),COUNT(NGrenze)+1-COUNTIF(NGrenze,"<="&H51))))&" – "&INDEX(NText,MAX(1,MIN(COUNT(NGrenze),COUNT(NGrenze)+1-COUNTIF(NGrenze,"<="&H51))))) | J51: =IF(OR(Daten!$B$2340=0,C51=""),"",IF(C51=0,"keine Bewertung in diesem Halbjahr",IF(C51<SchwelleDB,"wenig Datenbasis ("&C51&" Übung"&IF(C51=1,"","en")&")","")))
A53: Das Halbjahr zählt ab dem Ausbildungsstart des Azubis, nicht ab Kalenderjahr. Übungen, bei denen der Azubi nicht bewertet wurde, fehlen hier bewusst – sie werden weder als 0 Punkte noch im Durchschnitt mitgerechnet. Wiederholungen zählen nach der Regel im Übungsblatt (Standard: die letzte Wertung). Übungen mit Status „laufend“ sind Zwischenstände und zählen erst, wenn der Status auf „abgeschlossen“ steht.
A56: Verlauf der Prozentwerte
A78: Datenquelle für das Diagramm – bitte stehen lassen.
A80: Nr. | B80: Übung | C80: Azubi | D80: Jahrgangsdurchschnitt
A81: =IFERROR(SMALL(Daten!$C$2337:$V$2337,1),"") | B81: =IF($A81="","",INDEX(Daten!$C$4:$V$4,$A81)) | C81: =IF($A81="",NA(),INDEX(Daten!$C$20:$V$119,Daten!$B$2340,$A81)) | D81: =IF($A81="",NA(),IF(SUMPRODUCT(INDEX(Daten!$C$1385:$V$1484,0,$A81),(Daten!$B$20:$B$119=Daten!$B$2338)*1)=0,NA(),SUMPRODUCT(INDEX(Daten!$C$1385:$V$1484,0,$A81),INDEX(Daten!$C$20:$V$119,0,$A81),(Daten!$B$20:$B$119=Daten!$B$2338)*1)/SUMPRODUCT(INDEX(Daten!$C$1385:$V$1484,0,$A81),(Daten!$B$20:$B$119=Daten!$B$2338)*1)))
A82: =IFERROR(SMALL(Daten!$C$2337:$V$2337,2),"") | B82: =IF($A82="","",INDEX(Daten!$C$4:$V$4,$A82)) | C82: =IF($A82="",NA(),INDEX(Daten!$C$20:$V$119,Daten!$B$2340,$A82)) | D82: =IF($A82="",NA(),IF(SUMPRODUCT(INDEX(Daten!$C$1385:$V$1484,0,$A82),(Daten!$B$20:$B$119=Daten!$B$2338)*1)=0,NA(),SUMPRODUCT(INDEX(Daten!$C$1385:$V$1484,0,$A82),INDEX(Daten!$C$20:$V$119,0,$A82),(Daten!$B$20:$B$119=Daten!$B$2338)*1)/SUMPRODUCT(INDEX(Daten!$C$1385:$V$1484,0,$A82),(Daten!$B$20:$B$119=Daten!$B$2338)*1)))
A83: =IFERROR(SMALL(Daten!$C$2337:$V$2337,3),"") | B83: =IF($A83="","",INDEX(Daten!$C$4:$V$4,$A83)) | C83: =IF($A83="",NA(),INDEX(Daten!$C$20:$V$119,Daten!$B$2340,$A83)) | D83: =IF($A83="",NA(),IF(SUMPRODUCT(INDEX(Daten!$C$1385:$V$1484,0,$A83),(Daten!$B$20:$B$119=Daten!$B$2338)*1)=0,NA(),SUMPRODUCT(INDEX(Daten!$C$1385:$V$1484,0,$A83),INDEX(Daten!$C$20:$V$119,0,$A83),(Daten!$B$20:$B$119=Daten!$B$2338)*1)/SUMPRODUCT(INDEX(Daten!$C$1385:$V$1484,0,$A83),(Daten!$B$20:$B$119=Daten!$B$2338)*1)))
A84: =IFERROR(SMALL(Daten!$C$2337:$V$2337,4),"") | B84: =IF($A84="","",INDEX(Daten!$C$4:$V$4,$A84)) | C84: =IF($A84="",NA(),INDEX(Daten!$C$20:$V$119,Daten!$B$2340,$A84)) | D84: =IF($A84="",NA(),IF(SUMPRODUCT(INDEX(Daten!$C$1385:$V$1484,0,$A84),(Daten!$B$20:$B$119=Daten!$B$2338)*1)=0,NA(),SUMPRODUCT(INDEX(Daten!$C$1385:$V$1484,0,$A84),INDEX(Daten!$C$20:$V$119,0,$A84),(Daten!$B$20:$B$119=Daten!$B$2338)*1)/SUMPRODUCT(INDEX(Daten!$C$1385:$V$1484,0,$A84),(Daten!$B$20:$B$119=Daten!$B$2338)*1)))
A85: =IFERROR(SMALL(Daten!$C$2337:$V$2337,5),"") | B85: =IF($A85="","",INDEX(Daten!$C$4:$V$4,$A85)) | C85: =IF($A85="",NA(),INDEX(Daten!$C$20:$V$119,Daten!$B$2340,$A85)) | D85: =IF($A85="",NA(),IF(SUMPRODUCT(INDEX(Daten!$C$1385:$V$1484,0,$A85),(Daten!$B$20:$B$119=Daten!$B$2338)*1)=0,NA(),SUMPRODUCT(INDEX(Daten!$C$1385:$V$1484,0,$A85),INDEX(Daten!$C$20:$V$119,0,$A85),(Daten!$B$20:$B$119=Daten!$B$2338)*1)/SUMPRODUCT(INDEX(Daten!$C$1385:$V$1484,0,$A85),(Daten!$B$20:$B$119=Daten!$B$2338)*1)))
A86: =IFERROR(SMALL(Daten!$C$2337:$V$2337,6),"") | B86: =IF($A86="","",INDEX(Daten!$C$4:$V$4,$A86)) | C86: =IF($A86="",NA(),INDEX(Daten!$C$20:$V$119,Daten!$B$2340,$A86)) | D86: =IF($A86="",NA(),IF(SUMPRODUCT(INDEX(Daten!$C$1385:$V$1484,0,$A86),(Daten!$B$20:$B$119=Daten!$B$2338)*1)=0,NA(),SUMPRODUCT(INDEX(Daten!$C$1385:$V$1484,0,$A86),INDEX(Daten!$C$20:$V$119,0,$A86),(Daten!$B$20:$B$119=Daten!$B$2338)*1)/SUMPRODUCT(INDEX(Daten!$C$1385:$V$1484,0,$A86),(Daten!$B$20:$B$119=Daten!$B$2338)*1)))
A87: =IFERROR(SMALL(Daten!$C$2337:$V$2337,7),"") | B87: =IF($A87="","",INDEX(Daten!$C$4:$V$4,$A87)) | C87: =IF($A87="",NA(),INDEX(Daten!$C$20:$V$119,Daten!$B$2340,$A87)) | D87: =IF($A87="",NA(),IF(SUMPRODUCT(INDEX(Daten!$C$1385:$V$1484,0,$A87),(Daten!$B$20:$B$119=Daten!$B$2338)*1)=0,NA(),SUMPRODUCT(INDEX(Daten!$C$1385:$V$1484,0,$A87),INDEX(Daten!$C$20:$V$119,0,$A87),(Daten!$B$20:$B$119=Daten!$B$2338)*1)/SUMPRODUCT(INDEX(Daten!$C$1385:$V$1484,0,$A87),(Daten!$B$20:$B$119=Daten!$B$2338)*1)))
A88: =IFERROR(SMALL(Daten!$C$2337:$V$2337,8),"") | B88: =IF($A88="","",INDEX(Daten!$C$4:$V$4,$A88)) | C88: =IF($A88="",NA(),INDEX(Daten!$C$20:$V$119,Daten!$B$2340,$A88)) | D88: =IF($A88="",NA(),IF(SUMPRODUCT(INDEX(Daten!$C$1385:$V$1484,0,$A88),(Daten!$B$20:$B$119=Daten!$B$2338)*1)=0,NA(),SUMPRODUCT(INDEX(Daten!$C$1385:$V$1484,0,$A88),INDEX(Daten!$C$20:$V$119,0,$A88),(Daten!$B$20:$B$119=Daten!$B$2338)*1)/SUMPRODUCT(INDEX(Daten!$C$1385:$V$1484,0,$A88),(Daten!$B$20:$B$119=Daten!$B$2338)*1)))
A89: =IFERROR(SMALL(Daten!$C$2337:$V$2337,9),"") | B89: =IF($A89="","",INDEX(Daten!$C$4:$V$4,$A89)) | C89: =IF($A89="",NA(),INDEX(Daten!$C$20:$V$119,Daten!$B$2340,$A89)) | D89: =IF($A89="",NA(),IF(SUMPRODUCT(INDEX(Daten!$C$1385:$V$1484,0,$A89),(Daten!$B$20:$B$119=Daten!$B$2338)*1)=0,NA(),SUMPRODUCT(INDEX(Daten!$C$1385:$V$1484,0,$A89),INDEX(Daten!$C$20:$V$119,0,$A89),(Daten!$B$20:$B$119=Daten!$B$2338)*1)/SUMPRODUCT(INDEX(Daten!$C$1385:$V$1484,0,$A89),(Daten!$B$20:$B$119=Daten!$B$2338)*1)))
A90: =IFERROR(SMALL(Daten!$C$2337:$V$2337,10),"") | B90: =IF($A90="","",INDEX(Daten!$C$4:$V$4,$A90)) | C90: =IF($A90="",NA(),INDEX(Daten!$C$20:$V$119,Daten!$B$2340,$A90)) | D90: =IF($A90="",NA(),IF(SUMPRODUCT(INDEX(Daten!$C$1385:$V$1484,0,$A90),(Daten!$B$20:$B$119=Daten!$B$2338)*1)=0,NA(),SUMPRODUCT(INDEX(Daten!$C$1385:$V$1484,0,$A90),INDEX(Daten!$C$20:$V$119,0,$A90),(Daten!$B$20:$B$119=Daten!$B$2338)*1)/SUMPRODUCT(INDEX(Daten!$C$1385:$V$1484,0,$A90),(Daten!$B$20:$B$119=Daten!$B$2338)*1)))
A91: =IFERROR(SMALL(Daten!$C$2337:$V$2337,11),"") | B91: =IF($A91="","",INDEX(Daten!$C$4:$V$4,$A91)) | C91: =IF($A91="",NA(),INDEX(Daten!$C$20:$V$119,Daten!$B$2340,$A91)) | D91: =IF($A91="",NA(),IF(SUMPRODUCT(INDEX(Daten!$C$1385:$V$1484,0,$A91),(Daten!$B$20:$B$119=Daten!$B$2338)*1)=0,NA(),SUMPRODUCT(INDEX(Daten!$C$1385:$V$1484,0,$A91),INDEX(Daten!$C$20:$V$119,0,$A91),(Daten!$B$20:$B$119=Daten!$B$2338)*1)/SUMPRODUCT(INDEX(Daten!$C$1385:$V$1484,0,$A91),(Daten!$B$20:$B$119=Daten!$B$2338)*1)))
A92: =IFERROR(SMALL(Daten!$C$2337:$V$2337,12),"") | B92: =IF($A92="","",INDEX(Daten!$C$4:$V$4,$A92)) | C92: =IF($A92="",NA(),INDEX(Daten!$C$20:$V$119,Daten!$B$2340,$A92)) | D92: =IF($A92="",NA(),IF(SUMPRODUCT(INDEX(Daten!$C$1385:$V$1484,0,$A92),(Daten!$B$20:$B$119=Daten!$B$2338)*1)=0,NA(),SUMPRODUCT(INDEX(Daten!$C$1385:$V$1484,0,$A92),INDEX(Daten!$C$20:$V$119,0,$A92),(Daten!$B$20:$B$119=Daten!$B$2338)*1)/SUMPRODUCT(INDEX(Daten!$C$1385:$V$1484,0,$A92),(Daten!$B$20:$B$119=Daten!$B$2338)*1)))
A93: =IFERROR(SMALL(Daten!$C$2337:$V$2337,13),"") | B93: =IF($A93="","",INDEX(Daten!$C$4:$V$4,$A93)) | C93: =IF($A93="",NA(),INDEX(Daten!$C$20:$V$119,Daten!$B$2340,$A93)) | D93: =IF($A93="",NA(),IF(SUMPRODUCT(INDEX(Daten!$C$1385:$V$1484,0,$A93),(Daten!$B$20:$B$119=Daten!$B$2338)*1)=0,NA(),SUMPRODUCT(INDEX(Daten!$C$1385:$V$1484,0,$A93),INDEX(Daten!$C$20:$V$119,0,$A93),(Daten!$B$20:$B$119=Daten!$B$2338)*1)/SUMPRODUCT(INDEX(Daten!$C$1385:$V$1484,0,$A93),(Daten!$B$20:$B$119=Daten!$B$2338)*1)))
A94: =IFERROR(SMALL(Daten!$C$2337:$V$2337,14),"") | B94: =IF($A94="","",INDEX(Daten!$C$4:$V$4,$A94)) | C94: =IF($A94="",NA(),INDEX(Daten!$C$20:$V$119,Daten!$B$2340,$A94)) | D94: =IF($A94="",NA(),IF(SUMPRODUCT(INDEX(Daten!$C$1385:$V$1484,0,$A94),(Daten!$B$20:$B$119=Daten!$B$2338)*1)=0,NA(),SUMPRODUCT(INDEX(Daten!$C$1385:$V$1484,0,$A94),INDEX(Daten!$C$20:$V$119,0,$A94),(Daten!$B$20:$B$119=Daten!$B$2338)*1)/SUMPRODUCT(INDEX(Daten!$C$1385:$V$1484,0,$A94),(Daten!$B$20:$B$119=Daten!$B$2338)*1)))
A95: =IFERROR(SMALL(Daten!$C$2337:$V$2337,15),"") | B95: =IF($A95="","",INDEX(Daten!$C$4:$V$4,$A95)) | C95: =IF($A95="",NA(),INDEX(Daten!$C$20:$V$119,Daten!$B$2340,$A95)) | D95: =IF($A95="",NA(),IF(SUMPRODUCT(INDEX(Daten!$C$1385:$V$1484,0,$A95),(Daten!$B$20:$B$119=Daten!$B$2338)*1)=0,NA(),SUMPRODUCT(INDEX(Daten!$C$1385:$V$1484,0,$A95),INDEX(Daten!$C$20:$V$119,0,$A95),(Daten!$B$20:$B$119=Daten!$B$2338)*1)/SUMPRODUCT(INDEX(Daten!$C$1385:$V$1484,0,$A95),(Daten!$B$20:$B$119=Daten!$B$2338)*1)))
A96: =IFERROR(SMALL(Daten!$C$2337:$V$2337,16),"") | B96: =IF($A96="","",INDEX(Daten!$C$4:$V$4,$A96)) | C96: =IF($A96="",NA(),INDEX(Daten!$C$20:$V$119,Daten!$B$2340,$A96)) | D96: =IF($A96="",NA(),IF(SUMPRODUCT(INDEX(Daten!$C$1385:$V$1484,0,$A96),(Daten!$B$20:$B$119=Daten!$B$2338)*1)=0,NA(),SUMPRODUCT(INDEX(Daten!$C$1385:$V$1484,0,$A96),INDEX(Daten!$C$20:$V$119,0,$A96),(Daten!$B$20:$B$119=Daten!$B$2338)*1)/SUMPRODUCT(INDEX(Daten!$C$1385:$V$1484,0,$A96),(Daten!$B$20:$B$119=Daten!$B$2338)*1)))
A97: =IFERROR(SMALL(Daten!$C$2337:$V$2337,17),"") | B97: =IF($A97="","",INDEX(Daten!$C$4:$V$4,$A97)) | C97: =IF($A97="",NA(),INDEX(Daten!$C$20:$V$119,Daten!$B$2340,$A97)) | D97: =IF($A97="",NA(),IF(SUMPRODUCT(INDEX(Daten!$C$1385:$V$1484,0,$A97),(Daten!$B$20:$B$119=Daten!$B$2338)*1)=0,NA(),SUMPRODUCT(INDEX(Daten!$C$1385:$V$1484,0,$A97),INDEX(Daten!$C$20:$V$119,0,$A97),(Daten!$B$20:$B$119=Daten!$B$2338)*1)/SUMPRODUCT(INDEX(Daten!$C$1385:$V$1484,0,$A97),(Daten!$B$20:$B$119=Daten!$B$2338)*1)))
A98: =IFERROR(SMALL(Daten!$C$2337:$V$2337,18),"") | B98: =IF($A98="","",INDEX(Daten!$C$4:$V$4,$A98)) | C98: =IF($A98="",NA(),INDEX(Daten!$C$20:$V$119,Daten!$B$2340,$A98)) | D98: =IF($A98="",NA(),IF(SUMPRODUCT(INDEX(Daten!$C$1385:$V$1484,0,$A98),(Daten!$B$20:$B$119=Daten!$B$2338)*1)=0,NA(),SUMPRODUCT(INDEX(Daten!$C$1385:$V$1484,0,$A98),INDEX(Daten!$C$20:$V$119,0,$A98),(Daten!$B$20:$B$119=Daten!$B$2338)*1)/SUMPRODUCT(INDEX(Daten!$C$1385:$V$1484,0,$A98),(Daten!$B$20:$B$119=Daten!$B$2338)*1)))
A99: =IFERROR(SMALL(Daten!$C$2337:$V$2337,19),"") | B99: =IF($A99="","",INDEX(Daten!$C$4:$V$4,$A99)) | C99: =IF($A99="",NA(),INDEX(Daten!$C$20:$V$119,Daten!$B$2340,$A99)) | D99: =IF($A99="",NA(),IF(SUMPRODUCT(INDEX(Daten!$C$1385:$V$1484,0,$A99),(Daten!$B$20:$B$119=Daten!$B$2338)*1)=0,NA(),SUMPRODUCT(INDEX(Daten!$C$1385:$V$1484,0,$A99),INDEX(Daten!$C$20:$V$119,0,$A99),(Daten!$B$20:$B$119=Daten!$B$2338)*1)/SUMPRODUCT(INDEX(Daten!$C$1385:$V$1484,0,$A99),(Daten!$B$20:$B$119=Daten!$B$2338)*1)))
A100: =IFERROR(SMALL(Daten!$C$2337:$V$2337,20),"") | B100: =IF($A100="","",INDEX(Daten!$C$4:$V$4,$A100)) | C100: =IF($A100="",NA(),INDEX(Daten!$C$20:$V$119,Daten!$B$2340,$A100)) | D100: =IF($A100="",NA(),IF(SUMPRODUCT(INDEX(Daten!$C$1385:$V$1484,0,$A100),(Daten!$B$20:$B$119=Daten!$B$2338)*1)=0,NA(),SUMPRODUCT(INDEX(Daten!$C$1385:$V$1484,0,$A100),INDEX(Daten!$C$20:$V$119,0,$A100),(Daten!$B$20:$B$119=Daten!$B$2338)*1)/SUMPRODUCT(INDEX(Daten!$C$1385:$V$1484,0,$A100),(Daten!$B$20:$B$119=Daten!$B$2338)*1)))

Sheet Gesprächsseite
A1: « Zurück zur Startseite | E1: Diese Seite ist für den Ausdruck gedacht: A4 hochkant, eine Seite.
A2: Farben: gelb = hier eintragen · grau-blau = rechnet die Datei selbst · „n.b.“ = nicht bewertet
A3: Beurteilungsgespräch
A4: ="Halbjahresgespräch · Halbjahr "&Daten!$B$2343&" · Stand "&RIGHT("0"&DAY(TODAY()),2)&"."&RIGHT("0"&MONTH(TODAY()),2)&"."&YEAR(TODAY())
A6: Azubi | C6: Berger, Lukas | E6: Halbjahr | F6: 4 | G6: =IF(Daten!$B$2342=0,"bitte Azubi wählen","")
B8: Name, Vorname | D8: Ausbildungsberuf
B9: =IF(Daten!$B$2342=0,"–",INDEX('Stammdaten'!$J$6:$J$105,Daten!$B$2342)) | D9: =IF(Daten!$B$2342=0,"–",INDEX('Stammdaten'!$D$6:$D$105,Daten!$B$2342))
B10: Jahrgang | C10: Ausbildungsstart | D10: Lehrjahr | E10: Halbjahr | F10: Status
B11: =IF(Daten!$B$2342=0,"–",INDEX('Stammdaten'!$E$6:$E$105,Daten!$B$2342)) | C11: =IF(Daten!$B$2342=0,"–",INDEX('Stammdaten'!$F$6:$F$105,Daten!$B$2342)) | D11: =IF(Daten!$B$2342=0,"–",INDEX('Stammdaten'!$H$6:$H$105,Daten!$B$2342)) | E11: =IF(Daten!$B$2342=0,"–",Daten!$B$2343) | F11: =IF(Daten!$B$2342=0,"–",INDEX('Stammdaten'!$G$6:$G$105,Daten!$B$2342))
A13: Ergebnis des Halbjahres
B14: Bereich | C14: gewertete Übungen | D14: Prozent | E14: IHK-Note | F14: Hinweis
B15: Praxis | C15: =IF(OR(Daten!$B$2342=0,Daten!$B$2343<1,Daten!$B$2343>8),"",INDEX(Daten!$C$1809:$J$1908,Daten!$B$2342,Daten!$B$2343)) | D15: =IF(OR(Daten!$B$2342=0,Daten!$B$2343<1,Daten!$B$2343>8),"",INDEX(Daten!$C$2019:$J$2118,Daten!$B$2342,Daten!$B$2343)) | E15: =IF(NOT(ISNUMBER(D15)),"",INDEX(Noten,MAX(1,MIN(COUNT(NGrenze),COUNT(NGrenze)+1-COUNTIF(NGrenze,"<="&D15))))&" – "&INDEX(NText,MAX(1,MIN(COUNT(NGrenze),COUNT(NGrenze)+1-COUNTIF(NGrenze,"<="&D15))))) | F15: =IF(C15="","",IF(C15=0,"in diesem Halbjahr nicht bewertet",IF(C15<SchwelleDB,"wenig Datenbasis ("&C15&" Übung"&IF(C15=1,"","en")&")","")))
B16: Theorie | C16: =IF(OR(Daten!$B$2342=0,Daten!$B$2343<1,Daten!$B$2343>8),"",INDEX(Daten!$C$1914:$J$2013,Daten!$B$2342,Daten!$B$2343)) | D16: =IF(OR(Daten!$B$2342=0,Daten!$B$2343<1,Daten!$B$2343>8),"",INDEX(Daten!$C$2124:$J$2223,Daten!$B$2342,Daten!$B$2343)) | E16: =IF(NOT(ISNUMBER(D16)),"",INDEX(Noten,MAX(1,MIN(COUNT(NGrenze),COUNT(NGrenze)+1-COUNTIF(NGrenze,"<="&D16))))&" – "&INDEX(NText,MAX(1,MIN(COUNT(NGrenze),COUNT(NGrenze)+1-COUNTIF(NGrenze,"<="&D16))))) | F16: =IF(C16="","",IF(C16=0,"in diesem Halbjahr nicht bewertet",IF(C16<SchwelleDB,"wenig Datenbasis ("&C16&" Übung"&IF(C16=1,"","en")&")","")))
B17: Gesamt | C17: =IF(OR(Daten!$B$2342=0,Daten!$B$2343<1,Daten!$B$2343>8),"",INDEX(Daten!$C$1704:$J$1803,Daten!$B$2342,Daten!$B$2343)) | D17: =IF(OR(Daten!$B$2342=0,Daten!$B$2343<1,Daten!$B$2343>8),"",INDEX(Daten!$C$2229:$J$2328,Daten!$B$2342,Daten!$B$2343)) | E17: =IF(NOT(ISNUMBER(D17)),"",INDEX(Noten,MAX(1,MIN(COUNT(NGrenze),COUNT(NGrenze)+1-COUNTIF(NGrenze,"<="&D17))))&" – "&INDEX(NText,MAX(1,MIN(COUNT(NGrenze),COUNT(NGrenze)+1-COUNTIF(NGrenze,"<="&D17))))) | F17: =IF(C17="","",IF(C17=0,"in diesem Halbjahr nicht bewertet",IF(C17<SchwelleDB,"wenig Datenbasis ("&C17&" Übung"&IF(C17=1,"","en")&")","")))
A19: Gewertete Übungen in diesem Halbjahr
B20: Übung | D20: Art | E20: Datum | F20: Punkte | G20: Prozent
A21: =IFERROR(SMALL(Daten!$C$2335:$V$2335,1),"") | B21: =IF($A21="","",INDEX(Daten!$C$4:$V$4,$A21)) | D21: =IF($A21="","",INDEX(Daten!$C$6:$V$6,$A21)) | E21: =IF($A21="","",INDEX(Daten!$C$7:$V$7,$A21)) | F21: =IF($A21="","",INDEX(Daten!$C$335:$V$434,Daten!$B$2342,$A21)&" / "&INDEX(Daten!$C$440:$V$539,Daten!$B$2342,$A21)) | G21: =IF($A21="","",INDEX(Daten!$C$20:$V$119,Daten!$B$2342,$A21))
A22: =IFERROR(SMALL(Daten!$C$2335:$V$2335,2),"") | B22: =IF($A22="","",INDEX(Daten!$C$4:$V$4,$A22)) | D22: =IF($A22="","",INDEX(Daten!$C$6:$V$6,$A22)) | E22: =IF($A22="","",INDEX(Daten!$C$7:$V$7,$A22)) | F22: =IF($A22="","",INDEX(Daten!$C$335:$V$434,Daten!$B$2342,$A22)&" / "&INDEX(Daten!$C$440:$V$539,Daten!$B$2342,$A22)) | G22: =IF($A22="","",INDEX(Daten!$C$20:$V$119,Daten!$B$2342,$A22))
A23: =IFERROR(SMALL(Daten!$C$2335:$V$2335,3),"") | B23: =IF($A23="","",INDEX(Daten!$C$4:$V$4,$A23)) | D23: =IF($A23="","",INDEX(Daten!$C$6:$V$6,$A23)) | E23: =IF($A23="","",INDEX(Daten!$C$7:$V$7,$A23)) | F23: =IF($A23="","",INDEX(Daten!$C$335:$V$434,Daten!$B$2342,$A23)&" / "&INDEX(Daten!$C$440:$V$539,Daten!$B$2342,$A23)) | G23: =IF($A23="","",INDEX(Daten!$C$20:$V$119,Daten!$B$2342,$A23))
A24: =IFERROR(SMALL(Daten!$C$2335:$V$2335,4),"") | B24: =IF($A24="","",INDEX(Daten!$C$4:$V$4,$A24)) | D24: =IF($A24="","",INDEX(Daten!$C$6:$V$6,$A24)) | E24: =IF($A24="","",INDEX(Daten!$C$7:$V$7,$A24)) | F24: =IF($A24="","",INDEX(Daten!$C$335:$V$434,Daten!$B$2342,$A24)&" / "&INDEX(Daten!$C$440:$V$539,Daten!$B$2342,$A24)) | G24: =IF($A24="","",INDEX(Daten!$C$20:$V$119,Daten!$B$2342,$A24))
A25: =IFERROR(SMALL(Daten!$C$2335:$V$2335,5),"") | B25: =IF($A25="","",INDEX(Daten!$C$4:$V$4,$A25)) | D25: =IF($A25="","",INDEX(Daten!$C$6:$V$6,$A25)) | E25: =IF($A25="","",INDEX(Daten!$C$7:$V$7,$A25)) | F25: =IF($A25="","",INDEX(Daten!$C$335:$V$434,Daten!$B$2342,$A25)&" / "&INDEX(Daten!$C$440:$V$539,Daten!$B$2342,$A25)) | G25: =IF($A25="","",INDEX(Daten!$C$20:$V$119,Daten!$B$2342,$A25))
A26: =IFERROR(SMALL(Daten!$C$2335:$V$2335,6),"") | B26: =IF($A26="","",INDEX(Daten!$C$4:$V$4,$A26)) | D26: =IF($A26="","",INDEX(Daten!$C$6:$V$6,$A26)) | E26: =IF($A26="","",INDEX(Daten!$C$7:$V$7,$A26)) | F26: =IF($A26="","",INDEX(Daten!$C$335:$V$434,Daten!$B$2342,$A26)&" / "&INDEX(Daten!$C$440:$V$539,Daten!$B$2342,$A26)) | G26: =IF($A26="","",INDEX(Daten!$C$20:$V$119,Daten!$B$2342,$A26))
A27: =IFERROR(SMALL(Daten!$C$2335:$V$2335,7),"") | B27: =IF($A27="","",INDEX(Daten!$C$4:$V$4,$A27)) | D27: =IF($A27="","",INDEX(Daten!$C$6:$V$6,$A27)) | E27: =IF($A27="","",INDEX(Daten!$C$7:$V$7,$A27)) | F27: =IF($A27="","",INDEX(Daten!$C$335:$V$434,Daten!$B$2342,$A27)&" / "&INDEX(Daten!$C$440:$V$539,Daten!$B$2342,$A27)) | G27: =IF($A27="","",INDEX(Daten!$C$20:$V$119,Daten!$B$2342,$A27))
A28: =IFERROR(SMALL(Daten!$C$2335:$V$2335,8),"") | B28: =IF($A28="","",INDEX(Daten!$C$4:$V$4,$A28)) | D28: =IF($A28="","",INDEX(Daten!$C$6:$V$6,$A28)) | E28: =IF($A28="","",INDEX(Daten!$C$7:$V$7,$A28)) | F28: =IF($A28="","",INDEX(Daten!$C$335:$V$434,Daten!$B$2342,$A28)&" / "&INDEX(Daten!$C$440:$V$539,Daten!$B$2342,$A28)) | G28: =IF($A28="","",INDEX(Daten!$C$20:$V$119,Daten!$B$2342,$A28))
A30: Stärken
A36: Entwicklungsziele bis zum nächsten Gespräch
A42: Bestätigung
B44: Datum, Unterschrift Azubi | E44: Datum, Unterschrift Ausbilder/-in
A46: Farblegende | C46: =INDEX(Noten,1)&" – "&INDEX(NText,1) | E46: =INDEX(Noten,2)&" – "&INDEX(NText,2) | G46: =INDEX(Noten,3)&" – "&INDEX(NText,3)
C47: =INDEX(Noten,4)&" – "&INDEX(NText,4) | E47: =INDEX(Noten,5)&" – "&INDEX(NText,5) | G47: =INDEX(Noten,6)&" – "&INDEX(NText,6)
A48: Übungen, bei denen der Azubi nicht bewertet wurde (krank, Urlaub, Berufsschule), sind hier bewusst nicht enthalten – sie zählen weder als 0 Punkte noch im Durchschnitt. Bei einer Wiederholung zählt die im Übungsblatt eingestellte Wertung (Standard: die letzte).

Sheet Halbjahr
A1: Halbjahresauswertung | M1: « Zurück zur Startseite
A2: Stand aller Azubis für ein Halbjahr – Grundlage für die Beurteilungsgespräche
A3: Farben: gelb = hier eintragen · grau-blau = rechnet die Datei selbst · „n.b.“ = nicht bewertet
A4: Halbjahr auswählen | C4: 4 | D4: ="Halbjahr "&$C$4&" = Monat "&($C$4-1)*6+1&" bis "&$C$4*6&" nach dem jeweiligen Ausbildungsstart. Leere Zeilen bedeuten: in diesem Halbjahr wurde noch nichts bewertet."
A6: Nr. | B6: Name | C6: Vorname | D6: Ausbildungsberuf | E6: Jahrgang | F6: LJ | G6: Übungen | H6: Praxis % | I6: Praxis Note | J6: Theorie | K6: Theorie % | L6: Theorie Note | M6: Gesamt % | N6: Gesamt Note | O6: Hinweis
A7: =IF('Stammdaten'!$B6="","",1) | B7: =IF('Stammdaten'!$B6="","",'Stammdaten'!$B6) | C7: =IF('Stammdaten'!$B6="","",'Stammdaten'!$C6) | D7: =IF('Stammdaten'!$B6="","",'Stammdaten'!$D6) | E7: =IF('Stammdaten'!$B6="","",'Stammdaten'!$E6) | F7: =IF('Stammdaten'!$B6="","",'Stammdaten'!$H6) | G7: =IF('Stammdaten'!$B6="","",INDEX(Daten!$C$1704:$J$1803,1,$C$4)) | H7: =IF('Stammdaten'!$B6="","",INDEX(Daten!$C$2019:$J$2118,1,$C$4)) | I7: =IF(NOT(ISNUMBER(H7)),"",INDEX(Noten,MAX(1,MIN(COUNT(NGrenze),COUNT(NGrenze)+1-COUNTIF(NGrenze,"<="&H7))))&" – "&INDEX(NText,MAX(1,MIN(COUNT(NGrenze),COUNT(NGrenze)+1-COUNTIF(NGrenze,"<="&H7))))) | J7: =IF('Stammdaten'!$B6="","",INDEX(Daten!$C$1914:$J$2013,1,$C$4)) | K7: =IF('Stammdaten'!$B6="","",INDEX(Daten!$C$2124:$J$2223,1,$C$4)) | L7: =IF(NOT(ISNUMBER(K7)),"",INDEX(Noten,MAX(1,MIN(COUNT(NGrenze),COUNT(NGrenze)+1-COUNTIF(NGrenze,"<="&K7))))&" – "&INDEX(NText,MAX(1,MIN(COUNT(NGrenze),COUNT(NGrenze)+1-COUNTIF(NGrenze,"<="&K7))))) | M7: =IF('Stammdaten'!$B6="","",INDEX(Daten!$C$2229:$J$2328,1,$C$4)) | N7: =IF(NOT(ISNUMBER(M7)),"",INDEX(Noten,MAX(1,MIN(COUNT(NGrenze),COUNT(NGrenze)+1-COUNTIF(NGrenze,"<="&M7))))&" – "&INDEX(NText,MAX(1,MIN(COUNT(NGrenze),COUNT(NGrenze)+1-COUNTIF(NGrenze,"<="&M7))))) | O7: =IF($A7="","",IF($G7=0,"keine Bewertung",IF($G7<SchwelleDB,"wenig Datenbasis","")))&IF(AND($A7<>"",'Stammdaten'!$G6<>"aktiv")," · "&'Stammdaten'!$G6,"")
A8: =IF('Stammdaten'!$B7="","",2) | B8: =IF('Stammdaten'!$B7="","",'Stammdaten'!$B7) | C8: =IF('Stammdaten'!$B7="","",'Stammdaten'!$C7) | D8: =IF('Stammdaten'!$B7="","",'Stammdaten'!$D7) | E8: =IF('Stammdaten'!$B7="","",'Stammdaten'!$E7) | F8: =IF('Stammdaten'!$B7="","",'Stammdaten'!$H7) | G8: =IF('Stammdaten'!$B7="","",INDEX(Daten!$C$1704:$J$1803,2,$C$4)) | H8: =IF('Stammdaten'!$B7="","",INDEX(Daten!$C$2019:$J$2118,2,$C$4)) | I8: =IF(NOT(ISNUMBER(H8)),"",INDEX(Noten,MAX(1,MIN(COUNT(NGrenze),COUNT(NGrenze)+1-COUNTIF(NGrenze,"<="&H8))))&" – "&INDEX(NText,MAX(1,MIN(COUNT(NGrenze),COUNT(NGrenze)+1-COUNTIF(NGrenze,"<="&H8))))) | J8: =IF('Stammdaten'!$B7="","",INDEX(Daten!$C$1914:$J$2013,2,$C$4)) | K8: =IF('Stammdaten'!$B7="","",INDEX(Daten!$C$2124:$J$2223,2,$C$4)) | L8: =IF(NOT(ISNUMBER(K8)),"",INDEX(Noten,MAX(1,MIN(COUNT(NGrenze),COUNT(NGrenze)+1-COUNTIF(NGrenze,"<="&K8))))&" – "&INDEX(NText,MAX(1,MIN(COUNT(NGrenze),COUNT(NGrenze)+1-COUNTIF(NGrenze,"<="&K8))))) | M8: =IF('Stammdaten'!$B7="","",INDEX(Daten!$C$2229:$J$2328,2,$C$4)) | N8: =IF(NOT(ISNUMBER(M8)),"",INDEX(Noten,MAX(1,MIN(COUNT(NGrenze),COUNT(NGrenze)+1-COUNTIF(NGrenze,"<="&M8))))&" – "&INDEX(NText,MAX(1,MIN(COUNT(NGrenze),COUNT(NGrenze)+1-COUNTIF(NGrenze,"<="&M8))))) | O8: =IF($A8="","",IF($G8=0,"keine Bewertung",IF($G8<SchwelleDB,"wenig Datenbasis","")))&IF(AND($A8<>"",'Stammdaten'!$G7<>"aktiv")," · "&'Stammdaten'!$G7,"")
A9: =IF('Stammdaten'!$B8="","",3) | B9: =IF('Stammdaten'!$B8="","",'Stammdaten'!$B8) | C9: =IF('Stammdaten'!$B8="","",'Stammdaten'!$C8) | D9: =IF('Stammdaten'!$B8="","",'Stammdaten'!$D8) | E9: =IF('Stammdaten'!$B8="","",'Stammdaten'!$E8) | F9: =IF('Stammdaten'!$B8="","",'Stammdaten'!$H8) | G9: =IF('Stammdaten'!$B8="","",INDEX(Daten!$C$1704:$J$1803,3,$C$4)) | H9: =IF('Stammdaten'!$B8="","",INDEX(Daten!$C$2019:$J$2118,3,$C$4)) | I9: =IF(NOT(ISNUMBER(H9)),"",INDEX(Noten,MAX(1,MIN(COUNT(NGrenze),COUNT(NGrenze)+1-COUNTIF(NGrenze,"<="&H9))))&" – "&INDEX(NText,MAX(1,MIN(COUNT(NGrenze),COUNT(NGrenze)+1-COUNTIF(NGrenze,"<="&H9))))) | J9: =IF('Stammdaten'!$B8="","",INDEX(Daten!$C$1914:$J$2013,3,$C$4)) | K9: =IF('Stammdaten'!$B8="","",INDEX(Daten!$C$2124:$J$2223,3,$C$4)) | L9: =IF(NOT(ISNUMBER(K9)),"",INDEX(Noten,MAX(1,MIN(COUNT(NGrenze),COUNT(NGrenze)+1-COUNTIF(NGrenze,"<="&K9))))&" – "&INDEX(NText,MAX(1,MIN(COUNT(NGrenze),COUNT(NGrenze)+1-COUNTIF(NGrenze,"<="&K9))))) | M9: =IF('Stammdaten'!$B8="","",INDEX(Daten!$C$2229:$J$2328,3,$C$4)) | N9: =IF(NOT(ISNUMBER(M9)),"",INDEX(Noten,MAX(1,MIN(COUNT(NGrenze),COUNT(NGrenze)+1-COUNTIF(NGrenze,"<="&M9))))&" – "&INDEX(NText,MAX(1,MIN(COUNT(NGrenze),COUNT(NGrenze)+1-COUNTIF(NGrenze,"<="&M9))))) | O9: =IF($A9="","",IF($G9=0,"keine Bewertung",IF($G9<SchwelleDB,"wenig Datenbasis","")))&IF(AND($A9<>"",'Stammdaten'!$G8<>"aktiv")," · "&'Stammdaten'!$G8,"")
A10: =IF('Stammdaten'!$B9="","",4) | B10: =IF('Stammdaten'!$B9="","",'Stammdaten'!$B9) | C10: =IF('Stammdaten'!$B9="","",'Stammdaten'!$C9) | D10: =IF('Stammdaten'!$B9="","",'Stammdaten'!$D9) | E10: =IF('Stammdaten'!$B9="","",'Stammdaten'!$E9) | F10: =IF('Stammdaten'!$B9="","",'Stammdaten'!$H9) | G10: =IF('Stammdaten'!$B9="","",INDEX(Daten!$C$1704:$J$1803,4,$C$4)) | H10: =IF('Stammdaten'!$B9="","",INDEX(Daten!$C$2019:$J$2118,4,$C$4)) | I10: =IF(NOT(ISNUMBER(H10)),"",INDEX(Noten,MAX(1,MIN(COUNT(NGrenze),COUNT(NGrenze)+1-COUNTIF(NGrenze,"<="&H10))))&" – "&INDEX(NText,MAX(1,MIN(COUNT(NGrenze),COUNT(NGrenze)+1-COUNTIF(NGrenze,"<="&H10))))) | J10: =IF('Stammdaten'!$B9="","",INDEX(Daten!$C$1914:$J$2013,4,$C$4)) | K10: =IF('Stammdaten'!$B9="","",INDEX(Daten!$C$2124:$J$2223,4,$C$4)) | L10: =IF(NOT(ISNUMBER(K10)),"",INDEX(Noten,MAX(1,MIN(COUNT(NGrenze),COUNT(NGrenze)+1-COUNTIF(NGrenze,"<="&K10))))&" – "&INDEX(NText,MAX(1,MIN(COUNT(NGrenze),COUNT(NGrenze)+1-COUNTIF(NGrenze,"<="&K10))))) | M10: =IF('Stammdaten'!$B9="","",INDEX(Daten!$C$2229:$J$2328,4,$C$4)) | N10: =IF(NOT(ISNUMBER(M10)),"",INDEX(Noten,MAX(1,MIN(COUNT(NGrenze),COUNT(NGrenze)+1-COUNTIF(NGrenze,"<="&M10))))&" – "&INDEX(NText,MAX(1,MIN(COUNT(NGrenze),COUNT(NGrenze)+1-COUNTIF(NGrenze,"<="&M10))))) | O10: =IF($A10="","",IF($G10=0,"keine Bewertung",IF($G10<SchwelleDB,"wenig Datenbasis","")))&IF(AND($A10<>"",'Stammdaten'!$G9<>"aktiv")," · "&'Stammdaten'!$G9,"")
A11: =IF('Stammdaten'!$B10="","",5) | B11: =IF('Stammdaten'!$B10="","",'Stammdaten'!$B10) | C11: =IF('Stammdaten'!$B10="","",'Stammdaten'!$C10) | D11: =IF('Stammdaten'!$B10="","",'Stammdaten'!$D10) | E11: =IF('Stammdaten'!$B10="","",'Stammdaten'!$E10) | F11: =IF('Stammdaten'!$B10="","",'Stammdaten'!$H10) | G11: =IF('Stammdaten'!$B10="","",INDEX(Daten!$C$1704:$J$1803,5,$C$4)) | H11: =IF('Stammdaten'!$B10="","",INDEX(Daten!$C$2019:$J$2118,5,$C$4)) | I11: =IF(NOT(ISNUMBER(H11)),"",INDEX(Noten,MAX(1,MIN(COUNT(NGrenze),COUNT(NGrenze)+1-COUNTIF(NGrenze,"<="&H11))))&" – "&INDEX(NText,MAX(1,MIN(COUNT(NGrenze),COUNT(NGrenze)+1-COUNTIF(NGrenze,"<="&H11))))) | J11: =IF('Stammdaten'!$B10="","",INDEX(Daten!$C$1914:$J$2013,5,$C$4)) | K11: =IF('Stammdaten'!$B10="","",INDEX(Daten!$C$2124:$J$2223,5,$C$4)) | L11: =IF(NOT(ISNUMBER(K11)),"",INDEX(Noten,MAX(1,MIN(COUNT(NGrenze),COUNT(NGrenze)+1-COUNTIF(NGrenze,"<="&K11))))&" – "&INDEX(NText,MAX(1,MIN(COUNT(NGrenze),COUNT(NGrenze)+1-COUNTIF(NGrenze,"<="&K11))))) | M11: =IF('Stammdaten'!$B10="","",INDEX(Daten!$C$2229:$J$2328,5,$C$4)) | N11: =IF(NOT(ISNUMBER(M11)),"",INDEX(Noten,MAX(1,MIN(COUNT(NGrenze),COUNT(NGrenze)+1-COUNTIF(NGrenze,"<="&M11))))&" – "&INDEX(NText,MAX(1,MIN(COUNT(NGrenze),COUNT(NGrenze)+1-COUNTIF(NGrenze,"<="&M11))))) | O11: =IF($A11="","",IF($G11=0,"keine Bewertung",IF($G11<SchwelleDB,"wenig Datenbasis","")))&IF(AND($A11<>"",'Stammdaten'!$G10<>"aktiv")," · "&'Stammdaten'!$G10,"")
A12: =IF('Stammdaten'!$B11="","",6) | B12: =IF('Stammdaten'!$B11="","",'Stammdaten'!$B11) | C12: =IF('Stammdaten'!$B11="","",'Stammdaten'!$C11) | D12: =IF('Stammdaten'!$B11="","",'Stammdaten'!$D11) | E12: =IF('Stammdaten'!$B11="","",'Stammdaten'!$E11) | F12: =IF('Stammdaten'!$B11="","",'Stammdaten'!$H11) | G12: =IF('Stammdaten'!$B11="","",INDEX(Daten!$C$1704:$J$1803,6,$C$4)) | H12: =IF('Stammdaten'!$B11="","",INDEX(Daten!$C$2019:$J$2118,6,$C$4)) | I12: =IF(NOT(ISNUMBER(H12)),"",INDEX(Noten,MAX(1,MIN(COUNT(NGrenze),COUNT(NGrenze)+1-COUNTIF(NGrenze,"<="&H12))))&" – "&INDEX(NText,MAX(1,MIN(COUNT(NGrenze),COUNT(NGrenze)+1-COUNTIF(NGrenze,"<="&H12))))) | J12: =IF('Stammdaten'!$B11="","",INDEX(Daten!$C$1914:$J$2013,6,$C$4)) | K12: =IF('Stammdaten'!$B11="","",INDEX(Daten!$C$2124:$J$2223,6,$C$4)) | L12: =IF(NOT(ISNUMBER(K12)),"",INDEX(Noten,MAX(1,MIN(COUNT(NGrenze),COUNT(NGrenze)+1-COUNTIF(NGrenze,"<="&K12))))&" – "&INDEX(NText,MAX(1,MIN(COUNT(NGrenze),COUNT(NGrenze)+1-COUNTIF(NGrenze,"<="&K12))))) | M12: =IF('Stammdaten'!$B11="","",INDEX(Daten!$C$2229:$J$2328,6,$C$4)) | N12: =IF(NOT(ISNUMBER(M12)),"",INDEX(Noten,MAX(1,MIN(COUNT(NGrenze),COUNT(NGrenze)+1-COUNTIF(NGrenze,"<="&M12))))&" – "&INDEX(NText,MAX(1,MIN(COUNT(NGrenze),COUNT(NGrenze)+1-COUNTIF(NGrenze,"<="&M12))))) | O12: =IF($A12="","",IF($G12=0,"keine Bewertung",IF($G12<SchwelleDB,"wenig Datenbasis","")))&IF(AND($A12<>"",'Stammdaten'!$G11<>"aktiv")," · "&'Stammdaten'!$G11,"")
A13: =IF('Stammdaten'!$B12="","",7) | B13: =IF('Stammdaten'!$B12="","",'Stammdaten'!$B12) | C13: =IF('Stammdaten'!$B12="","",'Stammdaten'!$C12) | D13: =IF('Stammdaten'!$B12="","",'Stammdaten'!$D12) | E13: =IF('Stammdaten'!$B12="","",'Stammdaten'!$E12) | F13: =IF('Stammdaten'!$B12="","",'Stammdaten'!$H12) | G13: =IF('Stammdaten'!$B12="","",INDEX(Daten!$C$1704:$J$1803,7,$C$4)) | H13: =IF('Stammdaten'!$B12="","",INDEX(Daten!$C$2019:$J$2118,7,$C$4)) | I13: =IF(NOT(ISNUMBER(H13)),"",INDEX(Noten,MAX(1,MIN(COUNT(NGrenze),COUNT(NGrenze)+1-COUNTIF(NGrenze,"<="&H13))))&" – "&INDEX(NText,MAX(1,MIN(COUNT(NGrenze),COUNT(NGrenze)+1-COUNTIF(NGrenze,"<="&H13))))) | J13: =IF('Stammdaten'!$B12="","",INDEX(Daten!$C$1914:$J$2013,7,$C$4)) | K13: =IF('Stammdaten'!$B12="","",INDEX(Daten!$C$2124:$J$2223,7,$C$4)) | L13: =IF(NOT(ISNUMBER(K13)),"",INDEX(Noten,MAX(1,MIN(COUNT(NGrenze),COUNT(NGrenze)+1-COUNTIF(NGrenze,"<="&K13))))&" – "&INDEX(NText,MAX(1,MIN(COUNT(NGrenze),COUNT(NGrenze)+1-COUNTIF(NGrenze,"<="&K13))))) | M13: =IF('Stammdaten'!$B12="","",INDEX(Daten!$C$2229:$J$2328,7,$C$4)) | N13: =IF(NOT(ISNUMBER(M13)),"",INDEX(Noten,MAX(1,MIN(COUNT(NGrenze),COUNT(NGrenze)+1-COUNTIF(NGrenze,"<="&M13))))&" – "&INDEX(NText,MAX(1,MIN(COUNT(NGrenze),COUNT(NGrenze)+1-COUNTIF(NGrenze,"<="&M13))))) | O13: =IF($A13="","",IF($G13=0,"keine Bewertung",IF($G13<SchwelleDB,"wenig Datenbasis","")))&IF(AND($A13<>"",'Stammdaten'!$G12<>"aktiv")," · "&'Stammdaten'!$G12,"")
A14: =IF('Stammdaten'!$B13="","",8) | B14: =IF('Stammdaten'!$B13="","",'Stammdaten'!$B13) | C14: =IF('Stammdaten'!$B13="","",'Stammdaten'!$C13) | D14: =IF('Stammdaten'!$B13="","",'Stammdaten'!$D13) | E14: =IF('Stammdaten'!$B13="","",'Stammdaten'!$E13) | F14: =IF('Stammdaten'!$B13="","",'Stammdaten'!$H13) | G14: =IF('Stammdaten'!$B13="","",INDEX(Daten!$C$1704:$J$1803,8,$C$4)) | H14: =IF('Stammdaten'!$B13="","",INDEX(Daten!$C$2019:$J$2118,8,$C$4)) | I14: =IF(NOT(ISNUMBER(H14)),"",INDEX(Noten,MAX(1,MIN(COUNT(NGrenze),COUNT(NGrenze)+1-COUNTIF(NGrenze,"<="&H14))))&" – "&INDEX(NText,MAX(1,MIN(COUNT(NGrenze),COUNT(NGrenze)+1-COUNTIF(NGrenze,"<="&H14))))) | J14: =IF('Stammdaten'!$B13="","",INDEX(Daten!$C$1914:$J$2013,8,$C$4)) | K14: =IF('Stammdaten'!$B13="","",INDEX(Daten!$C$2124:$J$2223,8,$C$4)) | L14: =IF(NOT(ISNUMBER(K14)),"",INDEX(Noten,MAX(1,MIN(COUNT(NGrenze),COUNT(NGrenze)+1-COUNTIF(NGrenze,"<="&K14))))&" – "&INDEX(NText,MAX(1,MIN(COUNT(NGrenze),COUNT(NGrenze)+1-COUNTIF(NGrenze,"<="&K14))))) | M14: =IF('Stammdaten'!$B13="","",INDEX(Daten!$C$2229:$J$2328,8,$C$4)) | N14: =IF(NOT(ISNUMBER(M14)),"",INDEX(Noten,MAX(1,MIN(COUNT(NGrenze),COUNT(NGrenze)+1-COUNTIF(NGrenze,"<="&M14))))&" – "&INDEX(NText,MAX(1,MIN(COUNT(NGrenze),COUNT(NGrenze)+1-COUNTIF(NGrenze,"<="&M14))))) | O14: =IF($A14="","",IF($G14=0,"keine Bewertung",IF($G14<SchwelleDB,"wenig Datenbasis","")))&IF(AND($A14<>"",'Stammdaten'!$G13<>"aktiv")," · "&'Stammdaten'!$G13,"")
A15: =IF('Stammdaten'!$B14="","",9) | B15: =IF('Stammdaten'!$B14="","",'Stammdaten'!$B14) | C15: =IF('Stammdaten'!$B14="","",'Stammdaten'!$C14) | D15: =IF('Stammdaten'!$B14="","",'Stammdaten'!$D14) | E15: =IF('Stammdaten'!$B14="","",'Stammdaten'!$E14) | F15: =IF('Stammdaten'!$B14="","",'Stammdaten'!$H14) | G15: =IF('Stammdaten'!$B14="","",INDEX(Daten!$C$1704:$J$1803,9,$C$4)) | H15: =IF('Stammdaten'!$B14="","",INDEX(Daten!$C$2019:$J$2118,9,$C$4)) | I15: =IF(NOT(ISNUMBER(H15)),"",INDEX(Noten,MAX(1,MIN(COUNT(NGrenze),COUNT(NGrenze)+1-COUNTIF(NGrenze,"<="&H15))))&" – "&INDEX(NText,MAX(1,MIN(COUNT(NGrenze),COUNT(NGrenze)+1-COUNTIF(NGrenze,"<="&H15))))) | J15: =IF('Stammdaten'!$B14="","",INDEX(Daten!$C$1914:$J$2013,9,$C$4)) | K15: =IF('Stammdaten'!$B14="","",INDEX(Daten!$C$2124:$J$2223,9,$C$4)) | L15: =IF(NOT(ISNUMBER(K15)),"",INDEX(Noten,MAX(1,MIN(COUNT(NGrenze),COUNT(NGrenze)+1-COUNTIF(NGrenze,"<="&K15))))&" – "&INDEX(NText,MAX(1,MIN(COUNT(NGrenze),COUNT(NGrenze)+1-COUNTIF(NGrenze,"<="&K15))))) | M15: =IF('Stammdaten'!$B14="","",INDEX(Daten!$C$2229:$J$2328,9,$C$4)) | N15: =IF(NOT(ISNUMBER(M15)),"",INDEX(Noten,MAX(1,MIN(COUNT(NGrenze),COUNT(NGrenze)+1-COUNTIF(NGrenze,"<="&M15))))&" – "&INDEX(NText,MAX(1,MIN(COUNT(NGrenze),COUNT(NGrenze)+1-COUNTIF(NGrenze,"<="&M15))))) | O15: =IF($A15="","",IF($G15=0,"keine Bewertung",IF($G15<SchwelleDB,"wenig Datenbasis","")))&IF(AND($A15<>"",'Stammdaten'!$G14<>"aktiv")," · "&'Stammdaten'!$G14,"")
A16: =IF('Stammdaten'!$B15="","",10) | B16: =IF('Stammdaten'!$B15="","",'Stammdaten'!$B15) | C16: =IF('Stammdaten'!$B15="","",'Stammdaten'!$C15) | D16: =IF('Stammdaten'!$B15="","",'Stammdaten'!$D15) | E16: =IF('Stammdaten'!$B15="","",'Stammdaten'!$E15) | F16: =IF('Stammdaten'!$B15="","",'Stammdaten'!$H15) | G16: =IF('Stammdaten'!$B15="","",INDEX(Daten!$C$1704:$J$1803,10,$C$4)) | H16: =IF('Stammdaten'!$B15="","",INDEX(Daten!$C$2019:$J$2118,10,$C$4)) | I16: =IF(NOT(ISNUMBER(H16)),"",INDEX(Noten,MAX(1,MIN(COUNT(NGrenze),COUNT(NGrenze)+1-COUNTIF(NGrenze,"<="&H16))))&" – "&INDEX(NText,MAX(1,MIN(COUNT(NGrenze),COUNT(NGrenze)+1-COUNTIF(NGrenze,"<="&H16))))) | J16: =IF('Stammdaten'!$B15="","",INDEX(Daten!$C$1914:$J$2013,10,$C$4)) | K16: =IF('Stammdaten'!$B15="","",INDEX(Daten!$C$2124:$J$2223,10,$C$4)) | L16: =IF(NOT(ISNUMBER(K16)),"",INDEX(Noten,MAX(1,MIN(COUNT(NGrenze),COUNT(NGrenze)+1-COUNTIF(NGrenze,"<="&K16))))&" – "&INDEX(NText,MAX(1,MIN(COUNT(NGrenze),COUNT(NGrenze)+1-COUNTIF(NGrenze,"<="&K16))))) | M16: =IF('Stammdaten'!$B15="","",INDEX(Daten!$C$2229:$J$2328,10,$C$4)) | N16: =IF(NOT(ISNUMBER(M16)),"",INDEX(Noten,MAX(1,MIN(COUNT(NGrenze),COUNT(NGrenze)+1-COUNTIF(NGrenze,"<="&M16))))&" – "&INDEX(NText,MAX(1,MIN(COUNT(NGrenze),COUNT(NGrenze)+1-COUNTIF(NGrenze,"<="&M16))))) | O16: =IF($A16="","",IF($G16=0,"keine Bewertung",IF($G16<SchwelleDB,"wenig Datenbasis","")))&IF(AND($A16<>"",'Stammdaten'!$G15<>"aktiv")," · "&'Stammdaten'!$G15,"")
A17: =IF('Stammdaten'!$B16="","",11) | B17: =IF('Stammdaten'!$B16="","",'Stammdaten'!$B16) | C17: =IF('Stammdaten'!$B16="","",'Stammdaten'!$C16) | D17: =IF('Stammdaten'!$B16="","",'Stammdaten'!$D16) | E17: =IF('Stammdaten'!$B16="","",'Stammdaten'!$E16) | F17: =IF('Stammdaten'!$B16="","",'Stammdaten'!$H16) | G17: =IF('Stammdaten'!$B16="","",INDEX(Daten!$C$1704:$J$1803,11,$C$4)) | H17: =IF('Stammdaten'!$B16="","",INDEX(Daten!$C$2019:$J$2118,11,$C$4)) | I17: =IF(NOT(ISNUMBER(H17)),"",INDEX(Noten,MAX(1,MIN(COUNT(NGrenze),COUNT(NGrenze)+1-COUNTIF(NGrenze,"<="&H17))))&" – "&INDEX(NText,MAX(1,MIN(COUNT(NGrenze),COUNT(NGrenze)+1-COUNTIF(NGrenze,"<="&H17))))) | J17: =IF('Stammdaten'!$B16="","",INDEX(Daten!$C$1914:$J$2013,11,$C$4)) | K17: =IF('Stammdaten'!$B16="","",INDEX(Daten!$C$2124:$J$2223,11,$C$4)) | L17: =IF(NOT(ISNUMBER(K17)),"",INDEX(Noten,MAX(1,MIN(COUNT(NGrenze),COUNT(NGrenze)+1-COUNTIF(NGrenze,"<="&K17))))&" – "&INDEX(NText,MAX(1,MIN(COUNT(NGrenze),COUNT(NGrenze)+1-COUNTIF(NGrenze,"<="&K17))))) | M17: =IF('Stammdaten'!$B16="","",INDEX(Daten!$C$2229:$J$2328,11,$C$4)) | N17: =IF(NOT(ISNUMBER(M17)),"",INDEX(Noten,MAX(1,MIN(COUNT(NGrenze),COUNT(NGrenze)+1-COUNTIF(NGrenze,"<="&M17))))&" – "&INDEX(NText,MAX(1,MIN(COUNT(NGrenze),COUNT(NGrenze)+1-COUNTIF(NGrenze,"<="&M17))))) | O17: =IF($A17="","",IF($G17=0,"keine Bewertung",IF($G17<SchwelleDB,"wenig Datenbasis","")))&IF(AND($A17<>"",'Stammdaten'!$G16<>"aktiv")," · "&'Stammdaten'!$G16,"")
A18: =IF('Stammdaten'!$B17="","",12) | B18: =IF('Stammdaten'!$B17="","",'Stammdaten'!$B17) | C18: =IF('Stammdaten'!$B17="","",'Stammdaten'!$C17) | D18: =IF('Stammdaten'!$B17="","",'Stammdaten'!$D17) | E18: =IF('Stammdaten'!$B17="","",'Stammdaten'!$E17) | F18: =IF('Stammdaten'!$B17="","",'Stammdaten'!$H17) | G18: =IF('Stammdaten'!$B17="","",INDEX(Daten!$C$1704:$J$1803,12,$C$4)) | H18: =IF('Stammdaten'!$B17="","",INDEX(Daten!$C$2019:$J$2118,12,$C$4)) | I18: =IF(NOT(ISNUMBER(H18)),"",INDEX(Noten,MAX(1,MIN(COUNT(NGrenze),COUNT(NGrenze)+1-COUNTIF(NGrenze,"<="&H18))))&" – "&INDEX(NText,MAX(1,MIN(COUNT(NGrenze),COUNT(NGrenze)+1-COUNTIF(NGrenze,"<="&H18))))) | J18: =IF('Stammdaten'!$B17="","",INDEX(Daten!$C$1914:$J$2013,12,$C$4)) | K18: =IF('Stammdaten'!$B17="","",INDEX(Daten!$C$2124:$J$2223,12,$C$4)) | L18: =IF(NOT(ISNUMBER(K18)),"",INDEX(Noten,MAX(1,MIN(COUNT(NGrenze),COUNT(NGrenze)+1-COUNTIF(NGrenze,"<="&K18))))&" – "&INDEX(NText,MAX(1,MIN(COUNT(NGrenze),COUNT(NGrenze)+1-COUNTIF(NGrenze,"<="&K18))))) | M18: =IF('Stammdaten'!$B17="","",INDEX(Daten!$C$2229:$J$2328,12,$C$4)) | N18: =IF(NOT(ISNUMBER(M18)),"",INDEX(Noten,MAX(1,MIN(COUNT(NGrenze),COUNT(NGrenze)+1-COUNTIF(NGrenze,"<="&M18))))&" – "&INDEX(NText,MAX(1,MIN(COUNT(NGrenze),COUNT(NGrenze)+1-COUNTIF(NGrenze,"<="&M18))))) | O18: =IF($A18="","",IF($G18=0,"keine Bewertung",IF($G18<SchwelleDB,"wenig Datenbasis","")))&IF(AND($A18<>"",'Stammdaten'!$G17<>"aktiv")," · "&'Stammdaten'!$G17,"")
A19: =IF('Stammdaten'!$B18="","",13) | B19: =IF('Stammdaten'!$B18="","",'Stammdaten'!$B18) | C19: =IF('Stammdaten'!$B18="","",'Stammdaten'!$C18) | D19: =IF('Stammdaten'!$B18="","",'Stammdaten'!$D18) | E19: =IF('Stammdaten'!$B18="","",'Stammdaten'!$E18) | F19: =IF('Stammdaten'!$B18="","",'Stammdaten'!$H18) | G19: =IF('Stammdaten'!$B18="","",INDEX(Daten!$C$1704:$J$1803,13,$C$4)) | H19: =IF('Stammdaten'!$B18="","",INDEX(Daten!$C$2019:$J$2118,13,$C$4)) | I19: =IF(NOT(ISNUMBER(H19)),"",INDEX(Noten,MAX(1,MIN(COUNT(NGrenze),COUNT(NGrenze)+1-COUNTIF(NGrenze,"<="&H19))))&" – "&INDEX(NText,MAX(1,MIN(COUNT(NGrenze),COUNT(NGrenze)+1-COUNTIF(NGrenze,"<="&H19))))) | J19: =IF('Stammdaten'!$B18="","",INDEX(Daten!$C$1914:$J$2013,13,$C$4)) | K19: =IF('Stammdaten'!$B18="","",INDEX(Daten!$C$2124:$J$2223,13,$C$4)) | L19: =IF(NOT(ISNUMBER(K19)),"",INDEX(Noten,MAX(1,MIN(COUNT(NGrenze),COUNT(NGrenze)+1-COUNTIF(NGrenze,"<="&K19))))&" – "&INDEX(NText,MAX(1,MIN(COUNT(NGrenze),COUNT(NGrenze)+1-COUNTIF(NGrenze,"<="&K19))))) | M19: =IF('Stammdaten'!$B18="","",INDEX(Daten!$C$2229:$J$2328,13,$C$4)) | N19: =IF(NOT(ISNUMBER(M19)),"",INDEX(Noten,MAX(1,MIN(COUNT(NGrenze),COUNT(NGrenze)+1-COUNTIF(NGrenze,"<="&M19))))&" – "&INDEX(NText,MAX(1,MIN(COUNT(NGrenze),COUNT(NGrenze)+1-COUNTIF(NGrenze,"<="&M19))))) | O19: =IF($A19="","",IF($G19=0,"keine Bewertung",IF($G19<SchwelleDB,"wenig Datenbasis","")))&IF(AND($A19<>"",'Stammdaten'!$G18<>"aktiv")," · "&'Stammdaten'!$G18,"")
A20: =IF('Stammdaten'!$B19="","",14) | B20: =IF('Stammdaten'!$B19="","",'Stammdaten'!$B19) | C20: =IF('Stammdaten'!$B19="","",'Stammdaten'!$C19) | D20: =IF('Stammdaten'!$B19="","",'Stammdaten'!$D19) | E20: =IF('Stammdaten'!$B19="","",'Stammdaten'!$E19) | F20: =IF('Stammdaten'!$B19="","",'Stammdaten'!$H19) | G20: =IF('Stammdaten'!$B19="","",INDEX(Daten!$C$1704:$J$1803,14,$C$4)) | H20: =IF('Stammdaten'!$B19="","",INDEX(Daten!$C$2019:$J$2118,14,$C$4)) | I20: =IF(NOT(ISNUMBER(H20)),"",INDEX(Noten,MAX(1,MIN(COUNT(NGrenze),COUNT(NGrenze)+1-COUNTIF(NGrenze,"<="&H20))))&" – "&INDEX(NText,MAX(1,MIN(COUNT(NGrenze),COUNT(NGrenze)+1-COUNTIF(NGrenze,"<="&H20))))) | J20: =IF('Stammdaten'!$B19="","",INDEX(Daten!$C$1914:$J$2013,14,$C$4)) | K20: =IF('Stammdaten'!$B19="","",INDEX(Daten!$C$2124:$J$2223,14,$C$4)) | L20: =IF(NOT(ISNUMBER(K20)),"",INDEX(Noten,MAX(1,MIN(COUNT(NGrenze),COUNT(NGrenze)+1-COUNTIF(NGrenze,"<="&K20))))&" – "&INDEX(NText,MAX(1,MIN(COUNT(NGrenze),COUNT(NGrenze)+1-COUNTIF(NGrenze,"<="&K20))))) | M20: =IF('Stammdaten'!$B19="","",INDEX(Daten!$C$2229:$J$2328,14,$C$4)) | N20: =IF(NOT(ISNUMBER(M20)),"",INDEX(Noten,MAX(1,MIN(COUNT(NGrenze),COUNT(NGrenze)+1-COUNTIF(NGrenze,"<="&M20))))&" – "&INDEX(NText,MAX(1,MIN(COUNT(NGrenze),COUNT(NGrenze)+1-COUNTIF(NGrenze,"<="&M20))))) | O20: =IF($A20="","",IF($G20=0,"keine Bewertung",IF($G20<SchwelleDB,"wenig Datenbasis","")))&IF(AND($A20<>"",'Stammdaten'!$G19<>"aktiv")," · "&'Stammdaten'!$G19,"")
A21: =IF('Stammdaten'!$B20="","",15) | B21: =IF('Stammdaten'!$B20="","",'Stammdaten'!$B20) | C21: =IF('Stammdaten'!$B20="","",'Stammdaten'!$C20) | D21: =IF('Stammdaten'!$B20="","",'Stammdaten'!$D20) | E21: =IF('Stammdaten'!$B20="","",'Stammdaten'!$E20) | F21: =IF('Stammdaten'!$B20="","",'Stammdaten'!$H20) | G21: =IF('Stammdaten'!$B20="","",INDEX(Daten!$C$1704:$J$1803,15,$C$4)) | H21: =IF('Stammdaten'!$B20="","",INDEX(Daten!$C$2019:$J$2118,15,$C$4)) | I21: =IF(NOT(ISNUMBER(H21)),"",INDEX(Noten,MAX(1,MIN(COUNT(NGrenze),COUNT(NGrenze)+1-COUNTIF(NGrenze,"<="&H21))))&" – "&INDEX(NText,MAX(1,MIN(COUNT(NGrenze),COUNT(NGrenze)+1-COUNTIF(NGrenze,"<="&H21))))) | J21: =IF('Stammdaten'!$B20="","",INDEX(Daten!$C$1914:$J$2013,15,$C$4)) | K21: =IF('Stammdaten'!$B20="","",INDEX(Daten!$C$2124:$J$2223,15,$C$4)) | L21: =IF(NOT(ISNUMBER(K21)),"",INDEX(Noten,MAX(1,MIN(COUNT(NGrenze),COUNT(NGrenze)+1-COUNTIF(NGrenze,"<="&K21))))&" – "&INDEX(NText,MAX(1,MIN(COUNT(NGrenze),COUNT(NGrenze)+1-COUNTIF(NGrenze,"<="&K21))))) | M21: =IF('Stammdaten'!$B20="","",INDEX(Daten!$C$2229:$J$2328,15,$C$4)) | N21: =IF(NOT(ISNUMBER(M21)),"",INDEX(Noten,MAX(1,MIN(COUNT(NGrenze),COUNT(NGrenze)+1-COUNTIF(NGrenze,"<="&M21))))&" – "&INDEX(NText,MAX(1,MIN(COUNT(NGrenze),COUNT(NGrenze)+1-COUNTIF(NGrenze,"<="&M21))))) | O21: =IF($A21="","",IF($G21=0,"keine Bewertung",IF($G21<SchwelleDB,"wenig Datenbasis","")))&IF(AND($A21<>"",'Stammdaten'!$G20<>"aktiv")," · "&'Stammdaten'!$G20,"")
A22: =IF('Stammdaten'!$B21="","",16) | B22: =IF('Stammdaten'!$B21="","",'Stammdaten'!$B21) | C22: =IF('Stammdaten'!$B21="","",'Stammdaten'!$C21) | D22: =IF('Stammdaten'!$B21="","",'Stammdaten'!$D21) | E22: =IF('Stammdaten'!$B21="","",'Stammdaten'!$E21) | F22: =IF('Stammdaten'!$B21="","",'Stammdaten'!$H21) | G22: =IF('Stammdaten'!$B21="","",INDEX(Daten!$C$1704:$J$1803,16,$C$4)) | H22: =IF('Stammdaten'!$B21="","",INDEX(Daten!$C$2019:$J$2118,16,$C$4)) | I22: =IF(NOT(ISNUMBER(H22)),"",INDEX(Noten,MAX(1,MIN(COUNT(NGrenze),COUNT(NGrenze)+1-COUNTIF(NGrenze,"<="&H22))))&" – "&INDEX(NText,MAX(1,MIN(COUNT(NGrenze),COUNT(NGrenze)+1-COUNTIF(NGrenze,"<="&H22))))) | J22: =IF('Stammdaten'!$B21="","",INDEX(Daten!$C$1914:$J$2013,16,$C$4)) | K22: =IF('Stammdaten'!$B21="","",INDEX(Daten!$C$2124:$J$2223,16,$C$4)) | L22: =IF(NOT(ISNUMBER(K22)),"",INDEX(Noten,MAX(1,MIN(COUNT(NGrenze),COUNT(NGrenze)+1-COUNTIF(NGrenze,"<="&K22))))&" – "&INDEX(NText,MAX(1,MIN(COUNT(NGrenze),COUNT(NGrenze)+1-COUNTIF(NGrenze,"<="&K22))))) | M22: =IF('Stammdaten'!$B21="","",INDEX(Daten!$C$2229:$J$2328,16,$C$4)) | N22: =IF(NOT(ISNUMBER(M22)),"",INDEX(Noten,MAX(1,MIN(COUNT(NGrenze),COUNT(NGrenze)+1-COUNTIF(NGrenze,"<="&M22))))&" – "&INDEX(NText,MAX(1,MIN(COUNT(NGrenze),COUNT(NGrenze)+1-COUNTIF(NGrenze,"<="&M22))))) | O22: =IF($A22="","",IF($G22=0,"keine Bewertung",IF($G22<SchwelleDB,"wenig Datenbasis","")))&IF(AND($A22<>"",'Stammdaten'!$G21<>"aktiv")," · "&'Stammdaten'!$G21,"")
A23: =IF('Stammdaten'!$B22="","",17) | B23: =IF('Stammdaten'!$B22="","",'Stammdaten'!$B22) | C23: =IF('Stammdaten'!$B22="","",'Stammdaten'!$C22) | D23: =IF('Stammdaten'!$B22="","",'Stammdaten'!$D22) | E23: =IF('Stammdaten'!$B22="","",'Stammdaten'!$E22) | F23: =IF('Stammdaten'!$B22="","",'Stammdaten'!$H22) | G23: =IF('Stammdaten'!$B22="","",INDEX(Daten!$C$1704:$J$1803,17,$C$4)) | H23: =IF('Stammdaten'!$B22="","",INDEX(Daten!$C$2019:$J$2118,17,$C$4)) | I23: =IF(NOT(ISNUMBER(H23)),"",INDEX(Noten,MAX(1,MIN(COUNT(NGrenze),COUNT(NGrenze)+1-COUNTIF(NGrenze,"<="&H23))))&" – "&INDEX(NText,MAX(1,MIN(COUNT(NGrenze),COUNT(NGrenze)+1-COUNTIF(NGrenze,"<="&H23))))) | J23: =IF('Stammdaten'!$B22="","",INDEX(Daten!$C$1914:$J$2013,17,$C$4)) | K23: =IF('Stammdaten'!$B22="","",INDEX(Daten!$C$2124:$J$2223,17,$C$4)) | L23: =IF(NOT(ISNUMBER(K23)),"",INDEX(Noten,MAX(1,MIN(COUNT(NGrenze),COUNT(NGrenze)+1-COUNTIF(NGrenze,"<="&K23))))&" – "&INDEX(NText,MAX(1,MIN(COUNT(NGrenze),COUNT(NGrenze)+1-COUNTIF(NGrenze,"<="&K23))))) | M23: =IF('Stammdaten'!$B22="","",INDEX(Daten!$C$2229:$J$2328,17,$C$4)) | N23: =IF(NOT(ISNUMBER(M23)),"",INDEX(Noten,MAX(1,MIN(COUNT(NGrenze),COUNT(NGrenze)+1-COUNTIF(NGrenze,"<="&M23))))&" – "&INDEX(NText,MAX(1,MIN(COUNT(NGrenze),COUNT(NGrenze)+1-COUNTIF(NGrenze,"<="&M23))))) | O23: =IF($A23="","",IF($G23=0,"keine Bewertung",IF($G23<SchwelleDB,"wenig Datenbasis","")))&IF(AND($A23<>"",'Stammdaten'!$G22<>"aktiv")," · "&'Stammdaten'!$G22,"")
A24: =IF('Stammdaten'!$B23="","",18) | B24: =IF('Stammdaten'!$B23="","",'Stammdaten'!$B23) | C24: =IF('Stammdaten'!$B23="","",'Stammdaten'!$C23) | D24: =IF('Stammdaten'!$B23="","",'Stammdaten'!$D23) | E24: =IF('Stammdaten'!$B23="","",'Stammdaten'!$E23) | F24: =IF('Stammdaten'!$B23="","",'Stammdaten'!$H23) | G24: =IF('Stammdaten'!$B23="","",INDEX(Daten!$C$1704:$J$1803,18,$C$4)) | H24: =IF('Stammdaten'!$B23="","",INDEX(Daten!$C$2019:$J$2118,18,$C$4)) | I24: =IF(NOT(ISNUMBER(H24)),"",INDEX(Noten,MAX(1,MIN(COUNT(NGrenze),COUNT(NGrenze)+1-COUNTIF(NGrenze,"<="&H24))))&" – "&INDEX(NText,MAX(1,MIN(COUNT(NGrenze),COUNT(NGrenze)+1-COUNTIF(NGrenze,"<="&H24))))) | J24: =IF('Stammdaten'!$B23="","",INDEX(Daten!$C$1914:$J$2013,18,$C$4)) | K24: =IF('Stammdaten'!$B23="","",INDEX(Daten!$C$2124:$J$2223,18,$C$4)) | L24: =IF(NOT(ISNUMBER(K24)),"",INDEX(Noten,MAX(1,MIN(COUNT(NGrenze),COUNT(NGrenze)+1-COUNTIF(NGrenze,"<="&K24))))&" – "&INDEX(NText,MAX(1,MIN(COUNT(NGrenze),COUNT(NGrenze)+1-COUNTIF(NGrenze,"<="&K24))))) | M24: =IF('Stammdaten'!$B23="","",INDEX(Daten!$C$2229:$J$2328,18,$C$4)) | N24: =IF(NOT(ISNUMBER(M24)),"",INDEX(Noten,MAX(1,MIN(COUNT(NGrenze),COUNT(NGrenze)+1-COUNTIF(NGrenze,"<="&M24))))&" – "&INDEX(NText,MAX(1,MIN(COUNT(NGrenze),COUNT(NGrenze)+1-COUNTIF(NGrenze,"<="&M24))))) | O24: =IF($A24="","",IF($G24=0,"keine Bewertung",IF($G24<SchwelleDB,"wenig Datenbasis","")))&IF(AND($A24<>"",'Stammdaten'!$G23<>"aktiv")," · "&'Stammdaten'!$G23,"")
A25: =IF('Stammdaten'!$B24="","",19) | B25: =IF('Stammdaten'!$B24="","",'Stammdaten'!$B24) | C25: =IF('Stammdaten'!$B24="","",'Stammdaten'!$C24) | D25: =IF('Stammdaten'!$B24="","",'Stammdaten'!$D24) | E25: =IF('Stammdaten'!$B24="","",'Stammdaten'!$E24) | F25: =IF('Stammdaten'!$B24="","",'Stammdaten'!$H24) | G25: =IF('Stammdaten'!$B24="","",INDEX(Daten!$C$1704:$J$1803,19,$C$4)) | H25: =IF('Stammdaten'!$B24="","",INDEX(Daten!$C$2019:$J$2118,19,$C$4)) | I25: =IF(NOT(ISNUMBER(H25)),"",INDEX(Noten,MAX(1,MIN(COUNT(NGrenze),COUNT(NGrenze)+1-COUNTIF(NGrenze,"<="&H25))))&" – "&INDEX(NText,MAX(1,MIN(COUNT(NGrenze),COUNT(NGrenze)+1-COUNTIF(NGrenze,"<="&H25))))) | J25: =IF('Stammdaten'!$B24="","",INDEX(Daten!$C$1914:$J$2013,19,$C$4)) | K25: =IF('Stammdaten'!$B24="","",INDEX(Daten!$C$2124:$J$2223,19,$C$4)) | L25: =IF(NOT(ISNUMBER(K25)),"",INDEX(Noten,MAX(1,MIN(COUNT(NGrenze),COUNT(NGrenze)+1-COUNTIF(NGrenze,"<="&K25))))&" – "&INDEX(NText,MAX(1,MIN(COUNT(NGrenze),COUNT(NGrenze)+1-COUNTIF(NGrenze,"<="&K25))))) | M25: =IF('Stammdaten'!$B24="","",INDEX(Daten!$C$2229:$J$2328,19,$C$4)) | N25: =IF(NOT(ISNUMBER(M25)),"",INDEX(Noten,MAX(1,MIN(COUNT(NGrenze),COUNT(NGrenze)+1-COUNTIF(NGrenze,"<="&M25))))&" – "&INDEX(NText,MAX(1,MIN(COUNT(NGrenze),COUNT(NGrenze)+1-COUNTIF(NGrenze,"<="&M25))))) | O25: =IF($A25="","",IF($G25=0,"keine Bewertung",IF($G25<SchwelleDB,"wenig Datenbasis","")))&IF(AND($A25<>"",'Stammdaten'!$G24<>"aktiv")," · "&'Stammdaten'!$G24,"")
A26: =IF('Stammdaten'!$B25="","",20) | B26: =IF('Stammdaten'!$B25="","",'Stammdaten'!$B25) | C26: =IF('Stammdaten'!$B25="","",'Stammdaten'!$C25) | D26: =IF('Stammdaten'!$B25="","",'Stammdaten'!$D25) | E26: =IF('Stammdaten'!$B25="","",'Stammdaten'!$E25) | F26: =IF('Stammdaten'!$B25="","",'Stammdaten'!$H25) | G26: =IF('Stammdaten'!$B25="","",INDEX(Daten!$C$1704:$J$1803,20,$C$4)) | H26: =IF('Stammdaten'!$B25="","",INDEX(Daten!$C$2019:$J$2118,20,$C$4)) | I26: =IF(NOT(ISNUMBER(H26)),"",INDEX(Noten,MAX(1,MIN(COUNT(NGrenze),COUNT(NGrenze)+1-COUNTIF(NGrenze,"<="&H26))))&" – "&INDEX(NText,MAX(1,MIN(COUNT(NGrenze),COUNT(NGrenze)+1-COUNTIF(NGrenze,"<="&H26))))) | J26: =IF('Stammdaten'!$B25="","",INDEX(Daten!$C$1914:$J$2013,20,$C$4)) | K26: =IF('Stammdaten'!$B25="","",INDEX(Daten!$C$2124:$J$2223,20,$C$4)) | L26: =IF(NOT(ISNUMBER(K26)),"",INDEX(Noten,MAX(1,MIN(COUNT(NGrenze),COUNT(NGrenze)+1-COUNTIF(NGrenze,"<="&K26))))&" – "&INDEX(NText,MAX(1,MIN(COUNT(NGrenze),COUNT(NGrenze)+1-COUNTIF(NGrenze,"<="&K26))))) | M26: =IF('Stammdaten'!$B25="","",INDEX(Daten!$C$2229:$J$2328,20,$C$4)) | N26: =IF(NOT(ISNUMBER(M26)),"",INDEX(Noten,MAX(1,MIN(COUNT(NGrenze),COUNT(NGrenze)+1-COUNTIF(NGrenze,"<="&M26))))&" – "&INDEX(NText,MAX(1,MIN(COUNT(NGrenze),COUNT(NGrenze)+1-COUNTIF(NGrenze,"<="&M26))))) | O26: =IF($A26="","",IF($G26=0,"keine Bewertung",IF($G26<SchwelleDB,"wenig Datenbasis","")))&IF(AND($A26<>"",'Stammdaten'!$G25<>"aktiv")," · "&'Stammdaten'!$G25,"")
A27: =IF('Stammdaten'!$B26="","",21) | B27: =IF('Stammdaten'!$B26="","",'Stammdaten'!$B26) | C27: =IF('Stammdaten'!$B26="","",'Stammdaten'!$C26) | D27: =IF('Stammdaten'!$B26="","",'Stammdaten'!$D26) | E27: =IF('Stammdaten'!$B26="","",'Stammdaten'!$E26) | F27: =IF('Stammdaten'!$B26="","",'Stammdaten'!$H26) | G27: =IF('Stammdaten'!$B26="","",INDEX(Daten!$C$1704:$J$1803,21,$C$4)) | H27: =IF('Stammdaten'!$B26="","",INDEX(Daten!$C$2019:$J$2118,21,$C$4)) | I27: =IF(NOT(ISNUMBER(H27)),"",INDEX(Noten,MAX(1,MIN(COUNT(NGrenze),COUNT(NGrenze)+1-COUNTIF(NGrenze,"<="&H27))))&" – "&INDEX(NText,MAX(1,MIN(COUNT(NGrenze),COUNT(NGrenze)+1-COUNTIF(NGrenze,"<="&H27))))) | J27: =IF('Stammdaten'!$B26="","",INDEX(Daten!$C$1914:$J$2013,21,$C$4)) | K27: =IF('Stammdaten'!$B26="","",INDEX(Daten!$C$2124:$J$2223,21,$C$4)) | L27: =IF(NOT(ISNUMBER(K27)),"",INDEX(Noten,MAX(1,MIN(COUNT(NGrenze),COUNT(NGrenze)+1-COUNTIF(NGrenze,"<="&K27))))&" – "&INDEX(NText,MAX(1,MIN(COUNT(NGrenze),COUNT(NGrenze)+1-COUNTIF(NGrenze,"<="&K27))))) | M27: =IF('Stammdaten'!$B26="","",INDEX(Daten!$C$2229:$J$2328,21,$C$4)) | N27: =IF(NOT(ISNUMBER(M27)),"",INDEX(Noten,MAX(1,MIN(COUNT(NGrenze),COUNT(NGrenze)+1-COUNTIF(NGrenze,"<="&M27))))&" – "&INDEX(NText,MAX(1,MIN(COUNT(NGrenze),COUNT(NGrenze)+1-COUNTIF(NGrenze,"<="&M27))))) | O27: =IF($A27="","",IF($G27=0,"keine Bewertung",IF($G27<SchwelleDB,"wenig Datenbasis","")))&IF(AND($A27<>"",'Stammdaten'!$G26<>"aktiv")," · "&'Stammdaten'!$G26,"")
A28: =IF('Stammdaten'!$B27="","",22) | B28: =IF('Stammdaten'!$B27="","",'Stammdaten'!$B27) | C28: =IF('Stammdaten'!$B27="","",'Stammdaten'!$C27) | D28: =IF('Stammdaten'!$B27="","",'Stammdaten'!$D27) | E28: =IF('Stammdaten'!$B27="","",'Stammdaten'!$E27) | F28: =IF('Stammdaten'!$B27="","",'Stammdaten'!$H27) | G28: =IF('Stammdaten'!$B27="","",INDEX(Daten!$C$1704:$J$1803,22,$C$4)) | H28: =IF('Stammdaten'!$B27="","",INDEX(Daten!$C$2019:$J$2118,22,$C$4)) | I28: =IF(NOT(ISNUMBER(H28)),"",INDEX(Noten,MAX(1,MIN(COUNT(NGrenze),COUNT(NGrenze)+1-COUNTIF(NGrenze,"<="&H28))))&" – "&INDEX(NText,MAX(1,MIN(COUNT(NGrenze),COUNT(NGrenze)+1-COUNTIF(NGrenze,"<="&H28))))) | J28: =IF('Stammdaten'!$B27="","",INDEX(Daten!$C$1914:$J$2013,22,$C$4)) | K28: =IF('Stammdaten'!$B27="","",INDEX(Daten!$C$2124:$J$2223,22,$C$4)) | L28: =IF(NOT(ISNUMBER(K28)),"",INDEX(Noten,MAX(1,MIN(COUNT(NGrenze),COUNT(NGrenze)+1-COUNTIF(NGrenze,"<="&K28))))&" – "&INDEX(NText,MAX(1,MIN(COUNT(NGrenze),COUNT(NGrenze)+1-COUNTIF(NGrenze,"<="&K28))))) | M28: =IF('Stammdaten'!$B27="","",INDEX(Daten!$C$2229:$J$2328,22,$C$4)) | N28: =IF(NOT(ISNUMBER(M28)),"",INDEX(Noten,MAX(1,MIN(COUNT(NGrenze),COUNT(NGrenze)+1-COUNTIF(NGrenze,"<="&M28))))&" – "&INDEX(NText,MAX(1,MIN(COUNT(NGrenze),COUNT(NGrenze)+1-COUNTIF(NGrenze,"<="&M28))))) | O28: =IF($A28="","",IF($G28=0,"keine Bewertung",IF($G28<SchwelleDB,"wenig Datenbasis","")))&IF(AND($A28<>"",'Stammdaten'!$G27<>"aktiv")," · "&'Stammdaten'!$G27,"")
A29: =IF('Stammdaten'!$B28="","",23) | B29: =IF('Stammdaten'!$B28="","",'Stammdaten'!$B28) | C29: =IF('Stammdaten'!$B28="","",'Stammdaten'!$C28) | D29: =IF('Stammdaten'!$B28="","",'Stammdaten'!$D28) | E29: =IF('Stammdaten'!$B28="","",'Stammdaten'!$E28) | F29: =IF('Stammdaten'!$B28="","",'Stammdaten'!$H28) | G29: =IF('Stammdaten'!$B28="","",INDEX(Daten!$C$1704:$J$1803,23,$C$4)) | H29: =IF('Stammdaten'!$B28="","",INDEX(Daten!$C$2019:$J$2118,23,$C$4)) | I29: =IF(NOT(ISNUMBER(H29)),"",INDEX(Noten,MAX(1,MIN(COUNT(NGrenze),COUNT(NGrenze)+1-COUNTIF(NGrenze,"<="&H29))))&" – "&INDEX(NText,MAX(1,MIN(COUNT(NGrenze),COUNT(NGrenze)+1-COUNTIF(NGrenze,"<="&H29))))) | J29: =IF('Stammdaten'!$B28="","",INDEX(Daten!$C$1914:$J$2013,23,$C$4)) | K29: =IF('Stammdaten'!$B28="","",INDEX(Daten!$C$2124:$J$2223,23,$C$4)) | L29: =IF(NOT(ISNUMBER(K29)),"",INDEX(Noten,MAX(1,MIN(COUNT(NGrenze),COUNT(NGrenze)+1-COUNTIF(NGrenze,"<="&K29))))&" – "&INDEX(NText,MAX(1,MIN(COUNT(NGrenze),COUNT(NGrenze)+1-COUNTIF(NGrenze,"<="&K29))))) | M29: =IF('Stammdaten'!$B28="","",INDEX(Daten!$C$2229:$J$2328,23,$C$4)) | N29: =IF(NOT(ISNUMBER(M29)),"",INDEX(Noten,MAX(1,MIN(COUNT(NGrenze),COUNT(NGrenze)+1-COUNTIF(NGrenze,"<="&M29))))&" – "&INDEX(NText,MAX(1,MIN(COUNT(NGrenze),COUNT(NGrenze)+1-COUNTIF(NGrenze,"<="&M29))))) | O29: =IF($A29="","",IF($G29=0,"keine Bewertung",IF($G29<SchwelleDB,"wenig Datenbasis","")))&IF(AND($A29<>"",'Stammdaten'!$G28<>"aktiv")," · "&'Stammdaten'!$G28,"")
A30: =IF('Stammdaten'!$B29="","",24) | B30: =IF('Stammdaten'!$B29="","",'Stammdaten'!$B29) | C30: =IF('Stammdaten'!$B29="","",'Stammdaten'!$C29) | D30: =IF('Stammdaten'!$B29="","",'Stammdaten'!$D29) | E30: =IF('Stammdaten'!$B29="","",'Stammdaten'!$E29) | F30: =IF('Stammdaten'!$B29="","",'Stammdaten'!$H29) | G30: =IF('Stammdaten'!$B29="","",INDEX(Daten!$C$1704:$J$1803,24,$C$4)) | H30: =IF('Stammdaten'!$B29="","",INDEX(Daten!$C$2019:$J$2118,24,$C$4)) | I30: =IF(NOT(ISNUMBER(H30)),"",INDEX(Noten,MAX(1,MIN(COUNT(NGrenze),COUNT(NGrenze)+1-COUNTIF(NGrenze,"<="&H30))))&" – "&INDEX(NText,MAX(1,MIN(COUNT(NGrenze),COUNT(NGrenze)+1-COUNTIF(NGrenze,"<="&H30))))) | J30: =IF('Stammdaten'!$B29="","",INDEX(Daten!$C$1914:$J$2013,24,$C$4)) | K30: =IF('Stammdaten'!$B29="","",INDEX(Daten!$C$2124:$J$2223,24,$C$4)) | L30: =IF(NOT(ISNUMBER(K30)),"",INDEX(Noten,MAX(1,MIN(COUNT(NGrenze),COUNT(NGrenze)+1-COUNTIF(NGrenze,"<="&K30))))&" – "&INDEX(NText,MAX(1,MIN(COUNT(NGrenze),COUNT(NGrenze)+1-COUNTIF(NGrenze,"<="&K30))))) | M30: =IF('Stammdaten'!$B29="","",INDEX(Daten!$C$2229:$J$2328,24,$C$4)) | N30: =IF(NOT(ISNUMBER(M30)),"",INDEX(Noten,MAX(1,MIN(COUNT(NGrenze),COUNT(NGrenze)+1-COUNTIF(NGrenze,"<="&M30))))&" – "&INDEX(NText,MAX(1,MIN(COUNT(NGrenze),COUNT(NGrenze)+1-COUNTIF(NGrenze,"<="&M30))))) | O30: =IF($A30="","",IF($G30=0,"keine Bewertung",IF($G30<SchwelleDB,"wenig Datenbasis","")))&IF(AND($A30<>"",'Stammdaten'!$G29<>"aktiv")," · "&'Stammdaten'!$G29,"")
A31: =IF('Stammdaten'!$B30="","",25) | B31: =IF('Stammdaten'!$B30="","",'Stammdaten'!$B30) | C31: =IF('Stammdaten'!$B30="","",'Stammdaten'!$C30) | D31: =IF('Stammdaten'!$B30="","",'Stammdaten'!$D30) | E31: =IF('Stammdaten'!$B30="","",'Stammdaten'!$E30) | F31: =IF('Stammdaten'!$B30="","",'Stammdaten'!$H30) | G31: =IF('Stammdaten'!$B30="","",INDEX(Daten!$C$1704:$J$1803,25,$C$4)) | H31: =IF('Stammdaten'!$B30="","",INDEX(Daten!$C$2019:$J$2118,25,$C$4)) | I31: =IF(NOT(ISNUMBER(H31)),"",INDEX(Noten,MAX(1,MIN(COUNT(NGrenze),COUNT(NGrenze)+1-COUNTIF(NGrenze,"<="&H31))))&" – "&INDEX(NText,MAX(1,MIN(COUNT(NGrenze),COUNT(NGrenze)+1-COUNTIF(NGrenze,"<="&H31))))) | J31: =IF('Stammdaten'!$B30="","",INDEX(Daten!$C$1914:$J$2013,25,$C$4)) | K31: =IF('Stammdaten'!$B30="","",INDEX(Daten!$C$2124:$J$2223,25,$C$4)) | L31: =IF(NOT(ISNUMBER(K31)),"",INDEX(Noten,MAX(1,MIN(COUNT(NGrenze),COUNT(NGrenze)+1-COUNTIF(NGrenze,"<="&K31))))&" – "&INDEX(NText,MAX(1,MIN(COUNT(NGrenze),COUNT(NGrenze)+1-COUNTIF(NGrenze,"<="&K31))))) | M31: =IF('Stammdaten'!$B30="","",INDEX(Daten!$C$2229:$J$2328,25,$C$4)) | N31: =IF(NOT(ISNUMBER(M31)),"",INDEX(Noten,MAX(1,MIN(COUNT(NGrenze),COUNT(NGrenze)+1-COUNTIF(NGrenze,"<="&M31))))&" – "&INDEX(NText,MAX(1,MIN(COUNT(NGrenze),COUNT(NGrenze)+1-COUNTIF(NGrenze,"<="&M31))))) | O31: =IF($A31="","",IF($G31=0,"keine Bewertung",IF($G31<SchwelleDB,"wenig Datenbasis","")))&IF(AND($A31<>"",'Stammdaten'!$G30<>"aktiv")," · "&'Stammdaten'!$G30,"")
A32: =IF('Stammdaten'!$B31="","",26) | B32: =IF('Stammdaten'!$B31="","",'Stammdaten'!$B31) | C32: =IF('Stammdaten'!$B31="","",'Stammdaten'!$C31) | D32: =IF('Stammdaten'!$B31="","",'Stammdaten'!$D31) | E32: =IF('Stammdaten'!$B31="","",'Stammdaten'!$E31) | F32: =IF('Stammdaten'!$B31="","",'Stammdaten'!$H31) | G32: =IF('Stammdaten'!$B31="","",INDEX(Daten!$C$1704:$J$1803,26,$C$4)) | H32: =IF('Stammdaten'!$B31="","",INDEX(Daten!$C$2019:$J$2118,26,$C$4)) | I32: =IF(NOT(ISNUMBER(H32)),"",INDEX(Noten,MAX(1,MIN(COUNT(NGrenze),COUNT(NGrenze)+1-COUNTIF(NGrenze,"<="&H32))))&" – "&INDEX(NText,MAX(1,MIN(COUNT(NGrenze),COUNT(NGrenze)+1-COUNTIF(NGrenze,"<="&H32))))) | J32: =IF('Stammdaten'!$B31="","",INDEX(Daten!$C$1914:$J$2013,26,$C$4)) | K32: =IF('Stammdaten'!$B31="","",INDEX(Daten!$C$2124:$J$2223,26,$C$4)) | L32: =IF(NOT(ISNUMBER(K32)),"",INDEX(Noten,MAX(1,MIN(COUNT(NGrenze),COUNT(NGrenze)+1-COUNTIF(NGrenze,"<="&K32))))&" – "&INDEX(NText,MAX(1,MIN(COUNT(NGrenze),COUNT(NGrenze)+1-COUNTIF(NGrenze,"<="&K32))))) | M32: =IF('Stammdaten'!$B31="","",INDEX(Daten!$C$2229:$J$2328,26,$C$4)) | N32: =IF(NOT(ISNUMBER(M32)),"",INDEX(Noten,MAX(1,MIN(COUNT(NGrenze),COUNT(NGrenze)+1-COUNTIF(NGrenze,"<="&M32))))&" – "&INDEX(NText,MAX(1,MIN(COUNT(NGrenze),COUNT(NGrenze)+1-COUNTIF(NGrenze,"<="&M32))))) | O32: =IF($A32="","",IF($G32=0,"keine Bewertung",IF($G32<SchwelleDB,"wenig Datenbasis","")))&IF(AND($A32<>"",'Stammdaten'!$G31<>"aktiv")," · "&'Stammdaten'!$G31,"")
A33: =IF('Stammdaten'!$B32="","",27) | B33: =IF('Stammdaten'!$B32="","",'Stammdaten'!$B32) | C33: =IF('Stammdaten'!$B32="","",'Stammdaten'!$C32) | D33: =IF('Stammdaten'!$B32="","",'Stammdaten'!$D32) | E33: =IF('Stammdaten'!$B32="","",'Stammdaten'!$E32) | F33: =IF('Stammdaten'!$B32="","",'Stammdaten'!$H32) | G33: =IF('Stammdaten'!$B32="","",INDEX(Daten!$C$1704:$J$1803,27,$C$4)) | H33: =IF('Stammdaten'!$B32="","",INDEX(Daten!$C$2019:$J$2118,27,$C$4)) | I33: =IF(NOT(ISNUMBER(H33)),"",INDEX(Noten,MAX(1,MIN(COUNT(NGrenze),COUNT(NGrenze)+1-COUNTIF(NGrenze,"<="&H33))))&" – "&INDEX(NText,MAX(1,MIN(COUNT(NGrenze),COUNT(NGrenze)+1-COUNTIF(NGrenze,"<="&H33))))) | J33: =IF('Stammdaten'!$B32="","",INDEX(Daten!$C$1914:$J$2013,27,$C$4)) | K33: =IF('Stammdaten'!$B32="","",INDEX(Daten!$C$2124:$J$2223,27,$C$4)) | L33: =IF(NOT(ISNUMBER(K33)),"",INDEX(Noten,MAX(1,MIN(COUNT(NGrenze),COUNT(NGrenze)+1-COUNTIF(NGrenze,"<="&K33))))&" – "&INDEX(NText,MAX(1,MIN(COUNT(NGrenze),COUNT(NGrenze)+1-COUNTIF(NGrenze,"<="&K33))))) | M33: =IF('Stammdaten'!$B32="","",INDEX(Daten!$C$2229:$J$2328,27,$C$4)) | N33: =IF(NOT(ISNUMBER(M33)),"",INDEX(Noten,MAX(1,MIN(COUNT(NGrenze),COUNT(NGrenze)+1-COUNTIF(NGrenze,"<="&M33))))&" – "&INDEX(NText,MAX(1,MIN(COUNT(NGrenze),COUNT(NGrenze)+1-COUNTIF(NGrenze,"<="&M33))))) | O33: =IF($A33="","",IF($G33=0,"keine Bewertung",IF($G33<SchwelleDB,"wenig Datenbasis","")))&IF(AND($A33<>"",'Stammdaten'!$G32<>"aktiv")," · "&'Stammdaten'!$G32,"")
A34: =IF('Stammdaten'!$B33="","",28) | B34: =IF('Stammdaten'!$B33="","",'Stammdaten'!$B33) | C34: =IF('Stammdaten'!$B33="","",'Stammdaten'!$C33) | D34: =IF('Stammdaten'!$B33="","",'Stammdaten'!$D33) | E34: =IF('Stammdaten'!$B33="","",'Stammdaten'!$E33) | F34: =IF('Stammdaten'!$B33="","",'Stammdaten'!$H33) | G34: =IF('Stammdaten'!$B33="","",INDEX(Daten!$C$1704:$J$1803,28,$C$4)) | H34: =IF('Stammdaten'!$B33="","",INDEX(Daten!$C$2019:$J$2118,28,$C$4)) | I34: =IF(NOT(ISNUMBER(H34)),"",INDEX(Noten,MAX(1,MIN(COUNT(NGrenze),COUNT(NGrenze)+1-COUNTIF(NGrenze,"<="&H34))))&" – "&INDEX(NText,MAX(1,MIN(COUNT(NGrenze),COUNT(NGrenze)+1-COUNTIF(NGrenze,"<="&H34))))) | J34: =IF('Stammdaten'!$B33="","",INDEX(Daten!$C$1914:$J$2013,28,$C$4)) | K34: =IF('Stammdaten'!$B33="","",INDEX(Daten!$C$2124:$J$2223,28,$C$4)) | L34: =IF(NOT(ISNUMBER(K34)),"",INDEX(Noten,MAX(1,MIN(COUNT(NGrenze),COUNT(NGrenze)+1-COUNTIF(NGrenze,"<="&K34))))&" – "&INDEX(NText,MAX(1,MIN(COUNT(NGrenze),COUNT(NGrenze)+1-COUNTIF(NGrenze,"<="&K34))))) | M34: =IF('Stammdaten'!$B33="","",INDEX(Daten!$C$2229:$J$2328,28,$C$4)) | N34: =IF(NOT(ISNUMBER(M34)),"",INDEX(Noten,MAX(1,MIN(COUNT(NGrenze),COUNT(NGrenze)+1-COUNTIF(NGrenze,"<="&M34))))&" – "&INDEX(NText,MAX(1,MIN(COUNT(NGrenze),COUNT(NGrenze)+1-COUNTIF(NGrenze,"<="&M34))))) | O34: =IF($A34="","",IF($G34=0,"keine Bewertung",IF($G34<SchwelleDB,"wenig Datenbasis","")))&IF(AND($A34<>"",'Stammdaten'!$G33<>"aktiv")," · "&'Stammdaten'!$G33,"")
A35: =IF('Stammdaten'!$B34="","",29) | B35: =IF('Stammdaten'!$B34="","",'Stammdaten'!$B34) | C35: =IF('Stammdaten'!$B34="","",'Stammdaten'!$C34) | D35: =IF('Stammdaten'!$B34="","",'Stammdaten'!$D34) | E35: =IF('Stammdaten'!$B34="","",'Stammdaten'!$E34) | F35: =IF('Stammdaten'!$B34="","",'Stammdaten'!$H34) | G35: =IF('Stammdaten'!$B34="","",INDEX(Daten!$C$1704:$J$1803,29,$C$4)) | H35: =IF('Stammdaten'!$B34="","",INDEX(Daten!$C$2019:$J$2118,29,$C$4)) | I35: =IF(NOT(ISNUMBER(H35)),"",INDEX(Noten,MAX(1,MIN(COUNT(NGrenze),COUNT(NGrenze)+1-COUNTIF(NGrenze,"<="&H35))))&" – "&INDEX(NText,MAX(1,MIN(COUNT(NGrenze),COUNT(NGrenze)+1-COUNTIF(NGrenze,"<="&H35))))) | J35: =IF('Stammdaten'!$B34="","",INDEX(Daten!$C$1914:$J$2013,29,$C$4)) | K35: =IF('Stammdaten'!$B34="","",INDEX(Daten!$C$2124:$J$2223,29,$C$4)) | L35: =IF(NOT(ISNUMBER(K35)),"",INDEX(Noten,MAX(1,MIN(COUNT(NGrenze),COUNT(NGrenze)+1-COUNTIF(NGrenze,"<="&K35))))&" – "&INDEX(NText,MAX(1,MIN(COUNT(NGrenze),COUNT(NGrenze)+1-COUNTIF(NGrenze,"<="&K35))))) | M35: =IF('Stammdaten'!$B34="","",INDEX(Daten!$C$2229:$J$2328,29,$C$4)) | N35: =IF(NOT(ISNUMBER(M35)),"",INDEX(Noten,MAX(1,MIN(COUNT(NGrenze),COUNT(NGrenze)+1-COUNTIF(NGrenze,"<="&M35))))&" – "&INDEX(NText,MAX(1,MIN(COUNT(NGrenze),COUNT(NGrenze)+1-COUNTIF(NGrenze,"<="&M35))))) | O35: =IF($A35="","",IF($G35=0,"keine Bewertung",IF($G35<SchwelleDB,"wenig Datenbasis","")))&IF(AND($A35<>"",'Stammdaten'!$G34<>"aktiv")," · "&'Stammdaten'!$G34,"")
A36: =IF('Stammdaten'!$B35="","",30) | B36: =IF('Stammdaten'!$B35="","",'Stammdaten'!$B35) | C36: =IF('Stammdaten'!$B35="","",'Stammdaten'!$C35) | D36: =IF('Stammdaten'!$B35="","",'Stammdaten'!$D35) | E36: =IF('Stammdaten'!$B35="","",'Stammdaten'!$E35) | F36: =IF('Stammdaten'!$B35="","",'Stammdaten'!$H35) | G36: =IF('Stammdaten'!$B35="","",INDEX(Daten!$C$1704:$J$1803,30,$C$4)) | H36: =IF('Stammdaten'!$B35="","",INDEX(Daten!$C$2019:$J$2118,30,$C$4)) | I36: =IF(NOT(ISNUMBER(H36)),"",INDEX(Noten,MAX(1,MIN(COUNT(NGrenze),COUNT(NGrenze)+1-COUNTIF(NGrenze,"<="&H36))))&" – "&INDEX(NText,MAX(1,MIN(COUNT(NGrenze),COUNT(NGrenze)+1-COUNTIF(NGrenze,"<="&H36))))) | J36: =IF('Stammdaten'!$B35="","",INDEX(Daten!$C$1914:$J$2013,30,$C$4)) | K36: =IF('Stammdaten'!$B35="","",INDEX(Daten!$C$2124:$J$2223,30,$C$4)) | L36: =IF(NOT(ISNUMBER(K36)),"",INDEX(Noten,MAX(1,MIN(COUNT(NGrenze),COUNT(NGrenze)+1-COUNTIF(NGrenze,"<="&K36))))&" – "&INDEX(NText,MAX(1,MIN(COUNT(NGrenze),COUNT(NGrenze)+1-COUNTIF(NGrenze,"<="&K36))))) | M36: =IF('Stammdaten'!$B35="","",INDEX(Daten!$C$2229:$J$2328,30,$C$4)) | N36: =IF(NOT(ISNUMBER(M36)),"",INDEX(Noten,MAX(1,MIN(COUNT(NGrenze),COUNT(NGrenze)+1-COUNTIF(NGrenze,"<="&M36))))&" – "&INDEX(NText,MAX(1,MIN(COUNT(NGrenze),COUNT(NGrenze)+1-COUNTIF(NGrenze,"<="&M36))))) | O36: =IF($A36="","",IF($G36=0,"keine Bewertung",IF($G36<SchwelleDB,"wenig Datenbasis","")))&IF(AND($A36<>"",'Stammdaten'!$G35<>"aktiv")," · "&'Stammdaten'!$G35,"")
A37: =IF('Stammdaten'!$B36="","",31) | B37: =IF('Stammdaten'!$B36="","",'Stammdaten'!$B36) | C37: =IF('Stammdaten'!$B36="","",'Stammdaten'!$C36) | D37: =IF('Stammdaten'!$B36="","",'Stammdaten'!$D36) | E37: =IF('Stammdaten'!$B36="","",'Stammdaten'!$E36) | F37: =IF('Stammdaten'!$B36="","",'Stammdaten'!$H36) | G37: =IF('Stammdaten'!$B36="","",INDEX(Daten!$C$1704:$J$1803,31,$C$4)) | H37: =IF('Stammdaten'!$B36="","",INDEX(Daten!$C$2019:$J$2118,31,$C$4)) | I37: =IF(NOT(ISNUMBER(H37)),"",INDEX(Noten,MAX(1,MIN(COUNT(NGrenze),COUNT(NGrenze)+1-COUNTIF(NGrenze,"<="&H37))))&" – "&INDEX(NText,MAX(1,MIN(COUNT(NGrenze),COUNT(NGrenze)+1-COUNTIF(NGrenze,"<="&H37))))) | J37: =IF('Stammdaten'!$B36="","",INDEX(Daten!$C$1914:$J$2013,31,$C$4)) | K37: =IF('Stammdaten'!$B36="","",INDEX(Daten!$C$2124:$J$2223,31,$C$4)) | L37: =IF(NOT(ISNUMBER(K37)),"",INDEX(Noten,MAX(1,MIN(COUNT(NGrenze),COUNT(NGrenze)+1-COUNTIF(NGrenze,"<="&K37))))&" – "&INDEX(NText,MAX(1,MIN(COUNT(NGrenze),COUNT(NGrenze)+1-COUNTIF(NGrenze,"<="&K37))))) | M37: =IF('Stammdaten'!$B36="","",INDEX(Daten!$C$2229:$J$2328,31,$C$4)) | N37: =IF(NOT(ISNUMBER(M37)),"",INDEX(Noten,MAX(1,MIN(COUNT(NGrenze),COUNT(NGrenze)+1-COUNTIF(NGrenze,"<="&M37))))&" – "&INDEX(NText,MAX(1,MIN(COUNT(NGrenze),COUNT(NGrenze)+1-COUNTIF(NGrenze,"<="&M37))))) | O37: =IF($A37="","",IF($G37=0,"keine Bewertung",IF($G37<SchwelleDB,"wenig Datenbasis","")))&IF(AND($A37<>"",'Stammdaten'!$G36<>"aktiv")," · "&'Stammdaten'!$G36,"")
A38: =IF('Stammdaten'!$B37="","",32) | B38: =IF('Stammdaten'!$B37="","",'Stammdaten'!$B37) | C38: =IF('Stammdaten'!$B37="","",'Stammdaten'!$C37) | D38: =IF('Stammdaten'!$B37="","",'Stammdaten'!$D37) | E38: =IF('Stammdaten'!$B37="","",'Stammdaten'!$E37) | F38: =IF('Stammdaten'!$B37="","",'Stammdaten'!$H37) | G38: =IF('Stammdaten'!$B37="","",INDEX(Daten!$C$1704:$J$1803,32,$C$4)) | H38: =IF('Stammdaten'!$B37="","",INDEX(Daten!$C$2019:$J$2118,32,$C$4)) | I38: =IF(NOT(ISNUMBER(H38)),"",INDEX(Noten,MAX(1,MIN(COUNT(NGrenze),COUNT(NGrenze)+1-COUNTIF(NGrenze,"<="&H38))))&" – "&INDEX(NText,MAX(1,MIN(COUNT(NGrenze),COUNT(NGrenze)+1-COUNTIF(NGrenze,"<="&H38))))) | J38: =IF('Stammdaten'!$B37="","",INDEX(Daten!$C$1914:$J$2013,32,$C$4)) | K38: =IF('Stammdaten'!$B37="","",INDEX(Daten!$C$2124:$J$2223,32,$C$4)) | L38: =IF(NOT(ISNUMBER(K38)),"",INDEX(Noten,MAX(1,MIN(COUNT(NGrenze),COUNT(NGrenze)+1-COUNTIF(NGrenze,"<="&K38))))&" – "&INDEX(NText,MAX(1,MIN(COUNT(NGrenze),COUNT(NGrenze)+1-COUNTIF(NGrenze,"<="&K38))))) | M38: =IF('Stammdaten'!$B37="","",INDEX(Daten!$C$2229:$J$2328,32,$C$4)) | N38: =IF(NOT(ISNUMBER(M38)),"",INDEX(Noten,MAX(1,MIN(COUNT(NGrenze),COUNT(NGrenze)+1-COUNTIF(NGrenze,"<="&M38))))&" – "&INDEX(NText,MAX(1,MIN(COUNT(NGrenze),COUNT(NGrenze)+1-COUNTIF(NGrenze,"<="&M38))))) | O38: =IF($A38="","",IF($G38=0,"keine Bewertung",IF($G38<SchwelleDB,"wenig Datenbasis","")))&IF(AND($A38<>"",'Stammdaten'!$G37<>"aktiv")," · "&'Stammdaten'!$G37,"")
A39: =IF('Stammdaten'!$B38="","",33) | B39: =IF('Stammdaten'!$B38="","",'Stammdaten'!$B38) | C39: =IF('Stammdaten'!$B38="","",'Stammdaten'!$C38) | D39: =IF('Stammdaten'!$B38="","",'Stammdaten'!$D38) | E39: =IF('Stammdaten'!$B38="","",'Stammdaten'!$E38) | F39: =IF('Stammdaten'!$B38="","",'Stammdaten'!$H38) | G39: =IF('Stammdaten'!$B38="","",INDEX(Daten!$C$1704:$J$1803,33,$C$4)) | H39: =IF('Stammdaten'!$B38="","",INDEX(Daten!$C$2019:$J$2118,33,$C$4)) | I39: =IF(NOT(ISNUMBER(H39)),"",INDEX(Noten,MAX(1,MIN(COUNT(NGrenze),COUNT(NGrenze)+1-COUNTIF(NGrenze,"<="&H39))))&" – "&INDEX(NText,MAX(1,MIN(COUNT(NGrenze),COUNT(NGrenze)+1-COUNTIF(NGrenze,"<="&H39))))) | J39: =IF('Stammdaten'!$B38="","",INDEX(Daten!$C$1914:$J$2013,33,$C$4)) | K39: =IF('Stammdaten'!$B38="","",INDEX(Daten!$C$2124:$J$2223,33,$C$4)) | L39: =IF(NOT(ISNUMBER(K39)),"",INDEX(Noten,MAX(1,MIN(COUNT(NGrenze),COUNT(NGrenze)+1-COUNTIF(NGrenze,"<="&K39))))&" – "&INDEX(NText,MAX(1,MIN(COUNT(NGrenze),COUNT(NGrenze)+1-COUNTIF(NGrenze,"<="&K39))))) | M39: =IF('Stammdaten'!$B38="","",INDEX(Daten!$C$2229:$J$2328,33,$C$4)) | N39: =IF(NOT(ISNUMBER(M39)),"",INDEX(Noten,MAX(1,MIN(COUNT(NGrenze),COUNT(NGrenze)+1-COUNTIF(NGrenze,"<="&M39))))&" – "&INDEX(NText,MAX(1,MIN(COUNT(NGrenze),COUNT(NGrenze)+1-COUNTIF(NGrenze,"<="&M39))))) | O39: =IF($A39="","",IF($G39=0,"keine Bewertung",IF($G39<SchwelleDB,"wenig Datenbasis","")))&IF(AND($A39<>"",'Stammdaten'!$G38<>"aktiv")," · "&'Stammdaten'!$G38,"")
A40: =IF('Stammdaten'!$B39="","",34) | B40: =IF('Stammdaten'!$B39="","",'Stammdaten'!$B39) | C40: =IF('Stammdaten'!$B39="","",'Stammdaten'!$C39) | D40: =IF('Stammdaten'!$B39="","",'Stammdaten'!$D39) | E40: =IF('Stammdaten'!$B39="","",'Stammdaten'!$E39) | F40: =IF('Stammdaten'!$B39="","",'Stammdaten'!$H39) | G40: =IF('Stammdaten'!$B39="","",INDEX(Daten!$C$1704:$J$1803,34,$C$4)) | H40: =IF('Stammdaten'!$B39="","",INDEX(Daten!$C$2019:$J$2118,34,$C$4)) | I40: =IF(NOT(ISNUMBER(H40)),"",INDEX(Noten,MAX(1,MIN(COUNT(NGrenze),COUNT(NGrenze)+1-COUNTIF(NGrenze,"<="&H40))))&" – "&INDEX(NText,MAX(1,MIN(COUNT(NGrenze),COUNT(NGrenze)+1-COUNTIF(NGrenze,"<="&H40))))) | J40: =IF('Stammdaten'!$B39="","",INDEX(Daten!$C$1914:$J$2013,34,$C$4)) | K40: =IF('Stammdaten'!$B39="","",INDEX(Daten!$C$2124:$J$2223,34,$C$4)) | L40: =IF(NOT(ISNUMBER(K40)),"",INDEX(Noten,MAX(1,MIN(COUNT(NGrenze),COUNT(NGrenze)+1-COUNTIF(NGrenze,"<="&K40))))&" – "&INDEX(NText,MAX(1,MIN(COUNT(NGrenze),COUNT(NGrenze)+1-COUNTIF(NGrenze,"<="&K40))))) | M40: =IF('Stammdaten'!$B39="","",INDEX(Daten!$C$2229:$J$2328,34,$C$4)) | N40: =IF(NOT(ISNUMBER(M40)),"",INDEX(Noten,MAX(1,MIN(COUNT(NGrenze),COUNT(NGrenze)+1-COUNTIF(NGrenze,"<="&M40))))&" – "&INDEX(NText,MAX(1,MIN(COUNT(NGrenze),COUNT(NGrenze)+1-COUNTIF(NGrenze,"<="&M40))))) | O40: =IF($A40="","",IF($G40=0,"keine Bewertung",IF($G40<SchwelleDB,"wenig Datenbasis","")))&IF(AND($A40<>"",'Stammdaten'!$G39<>"aktiv")," · "&'Stammdaten'!$G39,"")
A41: =IF('Stammdaten'!$B40="","",35) | B41: =IF('Stammdaten'!$B40="","",'Stammdaten'!$B40) | C41: =IF('Stammdaten'!$B40="","",'Stammdaten'!$C40) | D41: =IF('Stammdaten'!$B40="","",'Stammdaten'!$D40) | E41: =IF('Stammdaten'!$B40="","",'Stammdaten'!$E40) | F41: =IF('Stammdaten'!$B40="","",'Stammdaten'!$H40) | G41: =IF('Stammdaten'!$B40="","",INDEX(Daten!$C$1704:$J$1803,35,$C$4)) | H41: =IF('Stammdaten'!$B40="","",INDEX(Daten!$C$2019:$J$2118,35,$C$4)) | I41: =IF(NOT(ISNUMBER(H41)),"",INDEX(Noten,MAX(1,MIN(COUNT(NGrenze),COUNT(NGrenze)+1-COUNTIF(NGrenze,"<="&H41))))&" – "&INDEX(NText,MAX(1,MIN(COUNT(NGrenze),COUNT(NGrenze)+1-COUNTIF(NGrenze,"<="&H41))))) | J41: =IF('Stammdaten'!$B40="","",INDEX(Daten!$C$1914:$J$2013,35,$C$4)) | K41: =IF('Stammdaten'!$B40="","",INDEX(Daten!$C$2124:$J$2223,35,$C$4)) | L41: =IF(NOT(ISNUMBER(K41)),"",INDEX(Noten,MAX(1,MIN(COUNT(NGrenze),COUNT(NGrenze)+1-COUNTIF(NGrenze,"<="&K41))))&" – "&INDEX(NText,MAX(1,MIN(COUNT(NGrenze),COUNT(NGrenze)+1-COUNTIF(NGrenze,"<="&K41))))) | M41: =IF('Stammdaten'!$B40="","",INDEX(Daten!$C$2229:$J$2328,35,$C$4)) | N41: =IF(NOT(ISNUMBER(M41)),"",INDEX(Noten,MAX(1,MIN(COUNT(NGrenze),COUNT(NGrenze)+1-COUNTIF(NGrenze,"<="&M41))))&" – "&INDEX(NText,MAX(1,MIN(COUNT(NGrenze),COUNT(NGrenze)+1-COUNTIF(NGrenze,"<="&M41))))) | O41: =IF($A41="","",IF($G41=0,"keine Bewertung",IF($G41<SchwelleDB,"wenig Datenbasis","")))&IF(AND($A41<>"",'Stammdaten'!$G40<>"aktiv")," · "&'Stammdaten'!$G40,"")
A42: =IF('Stammdaten'!$B41="","",36) | B42: =IF('Stammdaten'!$B41="","",'Stammdaten'!$B41) | C42: =IF('Stammdaten'!$B41="","",'Stammdaten'!$C41) | D42: =IF('Stammdaten'!$B41="","",'Stammdaten'!$D41) | E42: =IF('Stammdaten'!$B41="","",'Stammdaten'!$E41) | F42: =IF('Stammdaten'!$B41="","",'Stammdaten'!$H41) | G42: =IF('Stammdaten'!$B41="","",INDEX(Daten!$C$1704:$J$1803,36,$C$4)) | H42: =IF('Stammdaten'!$B41="","",INDEX(Daten!$C$2019:$J$2118,36,$C$4)) | I42: =IF(NOT(ISNUMBER(H42)),"",INDEX(Noten,MAX(1,MIN(COUNT(NGrenze),COUNT(NGrenze)+1-COUNTIF(NGrenze,"<="&H42))))&" – "&INDEX(NText,MAX(1,MIN(COUNT(NGrenze),COUNT(NGrenze)+1-COUNTIF(NGrenze,"<="&H42))))) | J42: =IF('Stammdaten'!$B41="","",INDEX(Daten!$C$1914:$J$2013,36,$C$4)) | K42: =IF('Stammdaten'!$B41="","",INDEX(Daten!$C$2124:$J$2223,36,$C$4)) | L42: =IF(NOT(ISNUMBER(K42)),"",INDEX(Noten,MAX(1,MIN(COUNT(NGrenze),COUNT(NGrenze)+1-COUNTIF(NGrenze,"<="&K42))))&" – "&INDEX(NText,MAX(1,MIN(COUNT(NGrenze),COUNT(NGrenze)+1-COUNTIF(NGrenze,"<="&K42))))) | M42: =IF('Stammdaten'!$B41="","",INDEX(Daten!$C$2229:$J$2328,36,$C$4)) | N42: =IF(NOT(ISNUMBER(M42)),"",INDEX(Noten,MAX(1,MIN(COUNT(NGrenze),COUNT(NGrenze)+1-COUNTIF(NGrenze,"<="&M42))))&" – "&INDEX(NText,MAX(1,MIN(COUNT(NGrenze),COUNT(NGrenze)+1-COUNTIF(NGrenze,"<="&M42))))) | O42: =IF($A42="","",IF($G42=0,"keine Bewertung",IF($G42<SchwelleDB,"wenig Datenbasis","")))&IF(AND($A42<>"",'Stammdaten'!$G41<>"aktiv")," · "&'Stammdaten'!$G41,"")
A43: =IF('Stammdaten'!$B42="","",37) | B43: =IF('Stammdaten'!$B42="","",'Stammdaten'!$B42) | C43: =IF('Stammdaten'!$B42="","",'Stammdaten'!$C42) | D43: =IF('Stammdaten'!$B42="","",'Stammdaten'!$D42) | E43: =IF('Stammdaten'!$B42="","",'Stammdaten'!$E42) | F43: =IF('Stammdaten'!$B42="","",'Stammdaten'!$H42) | G43: =IF('Stammdaten'!$B42="","",INDEX(Daten!$C$1704:$J$1803,37,$C$4)) | H43: =IF('Stammdaten'!$B42="","",INDEX(Daten!$C$2019:$J$2118,37,$C$4)) | I43: =IF(NOT(ISNUMBER(H43)),"",INDEX(Noten,MAX(1,MIN(COUNT(NGrenze),COUNT(NGrenze)+1-COUNTIF(NGrenze,"<="&H43))))&" – "&INDEX(NText,MAX(1,MIN(COUNT(NGrenze),COUNT(NGrenze)+1-COUNTIF(NGrenze,"<="&H43))))) | J43: =IF('Stammdaten'!$B42="","",INDEX(Daten!$C$1914:$J$2013,37,$C$4)) | K43: =IF('Stammdaten'!$B42="","",INDEX(Daten!$C$2124:$J$2223,37,$C$4)) | L43: =IF(NOT(ISNUMBER(K43)),"",INDEX(Noten,MAX(1,MIN(COUNT(NGrenze),COUNT(NGrenze)+1-COUNTIF(NGrenze,"<="&K43))))&" – "&INDEX(NText,MAX(1,MIN(COUNT(NGrenze),COUNT(NGrenze)+1-COUNTIF(NGrenze,"<="&K43))))) | M43: =IF('Stammdaten'!$B42="","",INDEX(Daten!$C$2229:$J$2328,37,$C$4)) | N43: =IF(NOT(ISNUMBER(M43)),"",INDEX(Noten,MAX(1,MIN(COUNT(NGrenze),COUNT(NGrenze)+1-COUNTIF(NGrenze,"<="&M43))))&" – "&INDEX(NText,MAX(1,MIN(COUNT(NGrenze),COUNT(NGrenze)+1-COUNTIF(NGrenze,"<="&M43))))) | O43: =IF($A43="","",IF($G43=0,"keine Bewertung",IF($G43<SchwelleDB,"wenig Datenbasis","")))&IF(AND($A43<>"",'Stammdaten'!$G42<>"aktiv")," · "&'Stammdaten'!$G42,"")
A44: =IF('Stammdaten'!$B43="","",38) | B44: =IF('Stammdaten'!$B43="","",'Stammdaten'!$B43) | C44: =IF('Stammdaten'!$B43="","",'Stammdaten'!$C43) | D44: =IF('Stammdaten'!$B43="","",'Stammdaten'!$D43) | E44: =IF('Stammdaten'!$B43="","",'Stammdaten'!$E43) | F44: =IF('Stammdaten'!$B43="","",'Stammdaten'!$H43) | G44: =IF('Stammdaten'!$B43="","",INDEX(Daten!$C$1704:$J$1803,38,$C$4)) | H44: =IF('Stammdaten'!$B43="","",INDEX(Daten!$C$2019:$J$2118,38,$C$4)) | I44: =IF(NOT(ISNUMBER(H44)),"",INDEX(Noten,MAX(1,MIN(COUNT(NGrenze),COUNT(NGrenze)+1-COUNTIF(NGrenze,"<="&H44))))&" – "&INDEX(NText,MAX(1,MIN(COUNT(NGrenze),COUNT(NGrenze)+1-COUNTIF(NGrenze,"<="&H44))))) | J44: =IF('Stammdaten'!$B43="","",INDEX(Daten!$C$1914:$J$2013,38,$C$4)) | K44: =IF('Stammdaten'!$B43="","",INDEX(Daten!$C$2124:$J$2223,38,$C$4)) | L44: =IF(NOT(ISNUMBER(K44)),"",INDEX(Noten,MAX(1,MIN(COUNT(NGrenze),COUNT(NGrenze)+1-COUNTIF(NGrenze,"<="&K44))))&" – "&INDEX(NText,MAX(1,MIN(COUNT(NGrenze),COUNT(NGrenze)+1-COUNTIF(NGrenze,"<="&K44))))) | M44: =IF('Stammdaten'!$B43="","",INDEX(Daten!$C$2229:$J$2328,38,$C$4)) | N44: =IF(NOT(ISNUMBER(M44)),"",INDEX(Noten,MAX(1,MIN(COUNT(NGrenze),COUNT(NGrenze)+1-COUNTIF(NGrenze,"<="&M44))))&" – "&INDEX(NText,MAX(1,MIN(COUNT(NGrenze),COUNT(NGrenze)+1-COUNTIF(NGrenze,"<="&M44))))) | O44: =IF($A44="","",IF($G44=0,"keine Bewertung",IF($G44<SchwelleDB,"wenig Datenbasis","")))&IF(AND($A44<>"",'Stammdaten'!$G43<>"aktiv")," · "&'Stammdaten'!$G43,"")
A45: =IF('Stammdaten'!$B44="","",39) | B45: =IF('Stammdaten'!$B44="","",'Stammdaten'!$B44) | C45: =IF('Stammdaten'!$B44="","",'Stammdaten'!$C44) | D45: =IF('Stammdaten'!$B44="","",'Stammdaten'!$D44) | E45: =IF('Stammdaten'!$B44="","",'Stammdaten'!$E44) | F45: =IF('Stammdaten'!$B44="","",'Stammdaten'!$H44) | G45: =IF('Stammdaten'!$B44="","",INDEX(Daten!$C$1704:$J$1803,39,$C$4)) | H45: =IF('Stammdaten'!$B44="","",INDEX(Daten!$C$2019:$J$2118,39,$C$4)) | I45: =IF(NOT(ISNUMBER(H45)),"",INDEX(Noten,MAX(1,MIN(COUNT(NGrenze),COUNT(NGrenze)+1-COUNTIF(NGrenze,"<="&H45))))&" – "&INDEX(NText,MAX(1,MIN(COUNT(NGrenze),COUNT(NGrenze)+1-COUNTIF(NGrenze,"<="&H45))))) | J45: =IF('Stammdaten'!$B44="","",INDEX(Daten!$C$1914:$J$2013,39,$C$4)) | K45: =IF('Stammdaten'!$B44="","",INDEX(Daten!$C$2124:$J$2223,39,$C$4)) | L45: =IF(NOT(ISNUMBER(K45)),"",INDEX(Noten,MAX(1,MIN(COUNT(NGrenze),COUNT(NGrenze)+1-COUNTIF(NGrenze,"<="&K45))))&" – "&INDEX(NText,MAX(1,MIN(COUNT(NGrenze),COUNT(NGrenze)+1-COUNTIF(NGrenze,"<="&K45))))) | M45: =IF('Stammdaten'!$B44="","",INDEX(Daten!$C$2229:$J$2328,39,$C$4)) | N45: =IF(NOT(ISNUMBER(M45)),"",INDEX(Noten,MAX(1,MIN(COUNT(NGrenze),COUNT(NGrenze)+1-COUNTIF(NGrenze,"<="&M45))))&" – "&INDEX(NText,MAX(1,MIN(COUNT(NGrenze),COUNT(NGrenze)+1-COUNTIF(NGrenze,"<="&M45))))) | O45: =IF($A45="","",IF($G45=0,"keine Bewertung",IF($G45<SchwelleDB,"wenig Datenbasis","")))&IF(AND($A45<>"",'Stammdaten'!$G44<>"aktiv")," · "&'Stammdaten'!$G44,"")
A46: =IF('Stammdaten'!$B45="","",40) | B46: =IF('Stammdaten'!$B45="","",'Stammdaten'!$B45) | C46: =IF('Stammdaten'!$B45="","",'Stammdaten'!$C45) | D46: =IF('Stammdaten'!$B45="","",'Stammdaten'!$D45) | E46: =IF('Stammdaten'!$B45="","",'Stammdaten'!$E45) | F46: =IF('Stammdaten'!$B45="","",'Stammdaten'!$H45) | G46: =IF('Stammdaten'!$B45="","",INDEX(Daten!$C$1704:$J$1803,40,$C$4)) | H46: =IF('Stammdaten'!$B45="","",INDEX(Daten!$C$2019:$J$2118,40,$C$4)) | I46: =IF(NOT(ISNUMBER(H46)),"",INDEX(Noten,MAX(1,MIN(COUNT(NGrenze),COUNT(NGrenze)+1-COUNTIF(NGrenze,"<="&H46))))&" – "&INDEX(NText,MAX(1,MIN(COUNT(NGrenze),COUNT(NGrenze)+1-COUNTIF(NGrenze,"<="&H46))))) | J46: =IF('Stammdaten'!$B45="","",INDEX(Daten!$C$1914:$J$2013,40,$C$4)) | K46: =IF('Stammdaten'!$B45="","",INDEX(Daten!$C$2124:$J$2223,40,$C$4)) | L46: =IF(NOT(ISNUMBER(K46)),"",INDEX(Noten,MAX(1,MIN(COUNT(NGrenze),COUNT(NGrenze)+1-COUNTIF(NGrenze,"<="&K46))))&" – "&INDEX(NText,MAX(1,MIN(COUNT(NGrenze),COUNT(NGrenze)+1-COUNTIF(NGrenze,"<="&K46))))) | M46: =IF('Stammdaten'!$B45="","",INDEX(Daten!$C$2229:$J$2328,40,$C$4)) | N46: =IF(NOT(ISNUMBER(M46)),"",INDEX(Noten,MAX(1,MIN(COUNT(NGrenze),COUNT(NGrenze)+1-COUNTIF(NGrenze,"<="&M46))))&" – "&INDEX(NText,MAX(1,MIN(COUNT(NGrenze),COUNT(NGrenze)+1-COUNTIF(NGrenze,"<="&M46))))) | O46: =IF($A46="","",IF($G46=0,"keine Bewertung",IF($G46<SchwelleDB,"wenig Datenbasis","")))&IF(AND($A46<>"",'Stammdaten'!$G45<>"aktiv")," · "&'Stammdaten'!$G45,"")
A47: =IF('Stammdaten'!$B46="","",41) | B47: =IF('Stammdaten'!$B46="","",'Stammdaten'!$B46) | C47: =IF('Stammdaten'!$B46="","",'Stammdaten'!$C46) | D47: =IF('Stammdaten'!$B46="","",'Stammdaten'!$D46) | E47: =IF('Stammdaten'!$B46="","",'Stammdaten'!$E46) | F47: =IF('Stammdaten'!$B46="","",'Stammdaten'!$H46) | G47: =IF('Stammdaten'!$B46="","",INDEX(Daten!$C$1704:$J$1803,41,$C$4)) | H47: =IF('Stammdaten'!$B46="","",INDEX(Daten!$C$2019:$J$2118,41,$C$4)) | I47: =IF(NOT(ISNUMBER(H47)),"",INDEX(Noten,MAX(1,MIN(COUNT(NGrenze),COUNT(NGrenze)+1-COUNTIF(NGrenze,"<="&H47))))&" – "&INDEX(NText,MAX(1,MIN(COUNT(NGrenze),COUNT(NGrenze)+1-COUNTIF(NGrenze,"<="&H47))))) | J47: =IF('Stammdaten'!$B46="","",INDEX(Daten!$C$1914:$J$2013,41,$C$4)) | K47: =IF('Stammdaten'!$B46="","",INDEX(Daten!$C$2124:$J$2223,41,$C$4)) | L47: =IF(NOT(ISNUMBER(K47)),"",INDEX(Noten,MAX(1,MIN(COUNT(NGrenze),COUNT(NGrenze)+1-COUNTIF(NGrenze,"<="&K47))))&" – "&INDEX(NText,MAX(1,MIN(COUNT(NGrenze),COUNT(NGrenze)+1-COUNTIF(NGrenze,"<="&K47))))) | M47: =IF('Stammdaten'!$B46="","",INDEX(Daten!$C$2229:$J$2328,41,$C$4)) | N47: =IF(NOT(ISNUMBER(M47)),"",INDEX(Noten,MAX(1,MIN(COUNT(NGrenze),COUNT(NGrenze)+1-COUNTIF(NGrenze,"<="&M47))))&" – "&INDEX(NText,MAX(1,MIN(COUNT(NGrenze),COUNT(NGrenze)+1-COUNTIF(NGrenze,"<="&M47))))) | O47: =IF($A47="","",IF($G47=0,"keine Bewertung",IF($G47<SchwelleDB,"wenig Datenbasis","")))&IF(AND($A47<>"",'Stammdaten'!$G46<>"aktiv")," · "&'Stammdaten'!$G46,"")
A48: =IF('Stammdaten'!$B47="","",42) | B48: =IF('Stammdaten'!$B47="","",'Stammdaten'!$B47) | C48: =IF('Stammdaten'!$B47="","",'Stammdaten'!$C47) | D48: =IF('Stammdaten'!$B47="","",'Stammdaten'!$D47) | E48: =IF('Stammdaten'!$B47="","",'Stammdaten'!$E47) | F48: =IF('Stammdaten'!$B47="","",'Stammdaten'!$H47) | G48: =IF('Stammdaten'!$B47="","",INDEX(Daten!$C$1704:$J$1803,42,$C$4)) | H48: =IF('Stammdaten'!$B47="","",INDEX(Daten!$C$2019:$J$2118,42,$C$4)) | I48: =IF(NOT(ISNUMBER(H48)),"",INDEX(Noten,MAX(1,MIN(COUNT(NGrenze),COUNT(NGrenze)+1-COUNTIF(NGrenze,"<="&H48))))&" – "&INDEX(NText,MAX(1,MIN(COUNT(NGrenze),COUNT(NGrenze)+1-COUNTIF(NGrenze,"<="&H48))))) | J48: =IF('Stammdaten'!$B47="","",INDEX(Daten!$C$1914:$J$2013,42,$C$4)) | K48: =IF('Stammdaten'!$B47="","",INDEX(Daten!$C$2124:$J$2223,42,$C$4)) | L48: =IF(NOT(ISNUMBER(K48)),"",INDEX(Noten,MAX(1,MIN(COUNT(NGrenze),COUNT(NGrenze)+1-COUNTIF(NGrenze,"<="&K48))))&" – "&INDEX(NText,MAX(1,MIN(COUNT(NGrenze),COUNT(NGrenze)+1-COUNTIF(NGrenze,"<="&K48))))) | M48: =IF('Stammdaten'!$B47="","",INDEX(Daten!$C$2229:$J$2328,42,$C$4)) | N48: =IF(NOT(ISNUMBER(M48)),"",INDEX(Noten,MAX(1,MIN(COUNT(NGrenze),COUNT(NGrenze)+1-COUNTIF(NGrenze,"<="&M48))))&" – "&INDEX(NText,MAX(1,MIN(COUNT(NGrenze),COUNT(NGrenze)+1-COUNTIF(NGrenze,"<="&M48))))) | O48: =IF($A48="","",IF($G48=0,"keine Bewertung",IF($G48<SchwelleDB,"wenig Datenbasis","")))&IF(AND($A48<>"",'Stammdaten'!$G47<>"aktiv")," · "&'Stammdaten'!$G47,"")
A49: =IF('Stammdaten'!$B48="","",43) | B49: =IF('Stammdaten'!$B48="","",'Stammdaten'!$B48) | C49: =IF('Stammdaten'!$B48="","",'Stammdaten'!$C48) | D49: =IF('Stammdaten'!$B48="","",'Stammdaten'!$D48) | E49: =IF('Stammdaten'!$B48="","",'Stammdaten'!$E48) | F49: =IF('Stammdaten'!$B48="","",'Stammdaten'!$H48) | G49: =IF('Stammdaten'!$B48="","",INDEX(Daten!$C$1704:$J$1803,43,$C$4)) | H49: =IF('Stammdaten'!$B48="","",INDEX(Daten!$C$2019:$J$2118,43,$C$4)) | I49: =IF(NOT(ISNUMBER(H49)),"",INDEX(Noten,MAX(1,MIN(COUNT(NGrenze),COUNT(NGrenze)+1-COUNTIF(NGrenze,"<="&H49))))&" – "&INDEX(NText,MAX(1,MIN(COUNT(NGrenze),COUNT(NGrenze)+1-COUNTIF(NGrenze,"<="&H49))))) | J49: =IF('Stammdaten'!$B48="","",INDEX(Daten!$C$1914:$J$2013,43,$C$4)) | K49: =IF('Stammdaten'!$B48="","",INDEX(Daten!$C$2124:$J$2223,43,$C$4)) | L49: =IF(NOT(ISNUMBER(K49)),"",INDEX(Noten,MAX(1,MIN(COUNT(NGrenze),COUNT(NGrenze)+1-COUNTIF(NGrenze,"<="&K49))))&" – "&INDEX(NText,MAX(1,MIN(COUNT(NGrenze),COUNT(NGrenze)+1-COUNTIF(NGrenze,"<="&K49))))) | M49: =IF('Stammdaten'!$B48="","",INDEX(Daten!$C$2229:$J$2328,43,$C$4)) | N49: =IF(NOT(ISNUMBER(M49)),"",INDEX(Noten,MAX(1,MIN(COUNT(NGrenze),COUNT(NGrenze)+1-COUNTIF(NGrenze,"<="&M49))))&" – "&INDEX(NText,MAX(1,MIN(COUNT(NGrenze),COUNT(NGrenze)+1-COUNTIF(NGrenze,"<="&M49))))) | O49: =IF($A49="","",IF($G49=0,"keine Bewertung",IF($G49<SchwelleDB,"wenig Datenbasis","")))&IF(AND($A49<>"",'Stammdaten'!$G48<>"aktiv")," · "&'Stammdaten'!$G48,"")
A50: =IF('Stammdaten'!$B49="","",44) | B50: =IF('Stammdaten'!$B49="","",'Stammdaten'!$B49) | C50: =IF('Stammdaten'!$B49="","",'Stammdaten'!$C49) | D50: =IF('Stammdaten'!$B49="","",'Stammdaten'!$D49) | E50: =IF('Stammdaten'!$B49="","",'Stammdaten'!$E49) | F50: =IF('Stammdaten'!$B49="","",'Stammdaten'!$H49) | G50: =IF('Stammdaten'!$B49="","",INDEX(Daten!$C$1704:$J$1803,44,$C$4)) | H50: =IF('Stammdaten'!$B49="","",INDEX(Daten!$C$2019:$J$2118,44,$C$4)) | I50: =IF(NOT(ISNUMBER(H50)),"",INDEX(Noten,MAX(1,MIN(COUNT(NGrenze),COUNT(NGrenze)+1-COUNTIF(NGrenze,"<="&H50))))&" – "&INDEX(NText,MAX(1,MIN(COUNT(NGrenze),COUNT(NGrenze)+1-COUNTIF(NGrenze,"<="&H50))))) | J50: =IF('Stammdaten'!$B49="","",INDEX(Daten!$C$1914:$J$2013,44,$C$4)) | K50: =IF('Stammdaten'!$B49="","",INDEX(Daten!$C$2124:$J$2223,44,$C$4)) | L50: =IF(NOT(ISNUMBER(K50)),"",INDEX(Noten,MAX(1,MIN(COUNT(NGrenze),COUNT(NGrenze)+1-COUNTIF(NGrenze,"<="&K50))))&" – "&INDEX(NText,MAX(1,MIN(COUNT(NGrenze),COUNT(NGrenze)+1-COUNTIF(NGrenze,"<="&K50))))) | M50: =IF('Stammdaten'!$B49="","",INDEX(Daten!$C$2229:$J$2328,44,$C$4)) | N50: =IF(NOT(ISNUMBER(M50)),"",INDEX(Noten,MAX(1,MIN(COUNT(NGrenze),COUNT(NGrenze)+1-COUNTIF(NGrenze,"<="&M50))))&" – "&INDEX(NText,MAX(1,MIN(COUNT(NGrenze),COUNT(NGrenze)+1-COUNTIF(NGrenze,"<="&M50))))) | O50: =IF($A50="","",IF($G50=0,"keine Bewertung",IF($G50<SchwelleDB,"wenig Datenbasis","")))&IF(AND($A50<>"",'Stammdaten'!$G49<>"aktiv")," · "&'Stammdaten'!$G49,"")
A51: =IF('Stammdaten'!$B50="","",45) | B51: =IF('Stammdaten'!$B50="","",'Stammdaten'!$B50) | C51: =IF('Stammdaten'!$B50="","",'Stammdaten'!$C50) | D51: =IF('Stammdaten'!$B50="","",'Stammdaten'!$D50) | E51: =IF('Stammdaten'!$B50="","",'Stammdaten'!$E50) | F51: =IF('Stammdaten'!$B50="","",'Stammdaten'!$H50) | G51: =IF('Stammdaten'!$B50="","",INDEX(Daten!$C$1704:$J$1803,45,$C$4)) | H51: =IF('Stammdaten'!$B50="","",INDEX(Daten!$C$2019:$J$2118,45,$C$4)) | I51: =IF(NOT(ISNUMBER(H51)),"",INDEX(Noten,MAX(1,MIN(COUNT(NGrenze),COUNT(NGrenze)+1-COUNTIF(NGrenze,"<="&H51))))&" – "&INDEX(NText,MAX(1,MIN(COUNT(NGrenze),COUNT(NGrenze)+1-COUNTIF(NGrenze,"<="&H51))))) | J51: =IF('Stammdaten'!$B50="","",INDEX(Daten!$C$1914:$J$2013,45,$C$4)) | K51: =IF('Stammdaten'!$B50="","",INDEX(Daten!$C$2124:$J$2223,45,$C$4)) | L51: =IF(NOT(ISNUMBER(K51)),"",INDEX(Noten,MAX(1,MIN(COUNT(NGrenze),COUNT(NGrenze)+1-COUNTIF(NGrenze,"<="&K51))))&" – "&INDEX(NText,MAX(1,MIN(COUNT(NGrenze),COUNT(NGrenze)+1-COUNTIF(NGrenze,"<="&K51))))) | M51: =IF('Stammdaten'!$B50="","",INDEX(Daten!$C$2229:$J$2328,45,$C$4)) | N51: =IF(NOT(ISNUMBER(M51)),"",INDEX(Noten,MAX(1,MIN(COUNT(NGrenze),COUNT(NGrenze)+1-COUNTIF(NGrenze,"<="&M51))))&" – "&INDEX(NText,MAX(1,MIN(COUNT(NGrenze),COUNT(NGrenze)+1-COUNTIF(NGrenze,"<="&M51))))) | O51: =IF($A51="","",IF($G51=0,"keine Bewertung",IF($G51<SchwelleDB,"wenig Datenbasis","")))&IF(AND($A51<>"",'Stammdaten'!$G50<>"aktiv")," · "&'Stammdaten'!$G50,"")
A52: =IF('Stammdaten'!$B51="","",46) | B52: =IF('Stammdaten'!$B51="","",'Stammdaten'!$B51) | C52: =IF('Stammdaten'!$B51="","",'Stammdaten'!$C51) | D52: =IF('Stammdaten'!$B51="","",'Stammdaten'!$D51) | E52: =IF('Stammdaten'!$B51="","",'Stammdaten'!$E51) | F52: =IF('Stammdaten'!$B51="","",'Stammdaten'!$H51) | G52: =IF('Stammdaten'!$B51="","",INDEX(Daten!$C$1704:$J$1803,46,$C$4)) | H52: =IF('Stammdaten'!$B51="","",INDEX(Daten!$C$2019:$J$2118,46,$C$4)) | I52: =IF(NOT(ISNUMBER(H52)),"",INDEX(Noten,MAX(1,MIN(COUNT(NGrenze),COUNT(NGrenze)+1-COUNTIF(NGrenze,"<="&H52))))&" – "&INDEX(NText,MAX(1,MIN(COUNT(NGrenze),COUNT(NGrenze)+1-COUNTIF(NGrenze,"<="&H52))))) | J52: =IF('Stammdaten'!$B51="","",INDEX(Daten!$C$1914:$J$2013,46,$C$4)) | K52: =IF('Stammdaten'!$B51="","",INDEX(Daten!$C$2124:$J$2223,46,$C$4)) | L52: =IF(NOT(ISNUMBER(K52)),"",INDEX(Noten,MAX(1,MIN(COUNT(NGrenze),COUNT(NGrenze)+1-COUNTIF(NGrenze,"<="&K52))))&" – "&INDEX(NText,MAX(1,MIN(COUNT(NGrenze),COUNT(NGrenze)+1-COUNTIF(NGrenze,"<="&K52))))) | M52: =IF('Stammdaten'!$B51="","",INDEX(Daten!$C$2229:$J$2328,46,$C$4)) | N52: =IF(NOT(ISNUMBER(M52)),"",INDEX(Noten,MAX(1,MIN(COUNT(NGrenze),COUNT(NGrenze)+1-COUNTIF(NGrenze,"<="&M52))))&" – "&INDEX(NText,MAX(1,MIN(COUNT(NGrenze),COUNT(NGrenze)+1-COUNTIF(NGrenze,"<="&M52))))) | O52: =IF($A52="","",IF($G52=0,"keine Bewertung",IF($G52<SchwelleDB,"wenig Datenbasis","")))&IF(AND($A52<>"",'Stammdaten'!$G51<>"aktiv")," · "&'Stammdaten'!$G51,"")
A53: =IF('Stammdaten'!$B52="","",47) | B53: =IF('Stammdaten'!$B52="","",'Stammdaten'!$B52) | C53: =IF('Stammdaten'!$B52="","",'Stammdaten'!$C52) | D53: =IF('Stammdaten'!$B52="","",'Stammdaten'!$D52) | E53: =IF('Stammdaten'!$B52="","",'Stammdaten'!$E52) | F53: =IF('Stammdaten'!$B52="","",'Stammdaten'!$H52) | G53: =IF('Stammdaten'!$B52="","",INDEX(Daten!$C$1704:$J$1803,47,$C$4)) | H53: =IF('Stammdaten'!$B52="","",INDEX(Daten!$C$2019:$J$2118,47,$C$4)) | I53: =IF(NOT(ISNUMBER(H53)),"",INDEX(Noten,MAX(1,MIN(COUNT(NGrenze),COUNT(NGrenze)+1-COUNTIF(NGrenze,"<="&H53))))&" – "&INDEX(NText,MAX(1,MIN(COUNT(NGrenze),COUNT(NGrenze)+1-COUNTIF(NGrenze,"<="&H53))))) | J53: =IF('Stammdaten'!$B52="","",INDEX(Daten!$C$1914:$J$2013,47,$C$4)) | K53: =IF('Stammdaten'!$B52="","",INDEX(Daten!$C$2124:$J$2223,47,$C$4)) | L53: =IF(NOT(ISNUMBER(K53)),"",INDEX(Noten,MAX(1,MIN(COUNT(NGrenze),COUNT(NGrenze)+1-COUNTIF(NGrenze,"<="&K53))))&" – "&INDEX(NText,MAX(1,MIN(COUNT(NGrenze),COUNT(NGrenze)+1-COUNTIF(NGrenze,"<="&K53))))) | M53: =IF('Stammdaten'!$B52="","",INDEX(Daten!$C$2229:$J$2328,47,$C$4)) | N53: =IF(NOT(ISNUMBER(M53)),"",INDEX(Noten,MAX(1,MIN(COUNT(NGrenze),COUNT(NGrenze)+1-COUNTIF(NGrenze,"<="&M53))))&" – "&INDEX(NText,MAX(1,MIN(COUNT(NGrenze),COUNT(NGrenze)+1-COUNTIF(NGrenze,"<="&M53))))) | O53: =IF($A53="","",IF($G53=0,"keine Bewertung",IF($G53<SchwelleDB,"wenig Datenbasis","")))&IF(AND($A53<>"",'Stammdaten'!$G52<>"aktiv")," · "&'Stammdaten'!$G52,"")
A54: =IF('Stammdaten'!$B53="","",48) | B54: =IF('Stammdaten'!$B53="","",'Stammdaten'!$B53) | C54: =IF('Stammdaten'!$B53="","",'Stammdaten'!$C53) | D54: =IF('Stammdaten'!$B53="","",'Stammdaten'!$D53) | E54: =IF('Stammdaten'!$B53="","",'Stammdaten'!$E53) | F54: =IF('Stammdaten'!$B53="","",'Stammdaten'!$H53) | G54: =IF('Stammdaten'!$B53="","",INDEX(Daten!$C$1704:$J$1803,48,$C$4)) | H54: =IF('Stammdaten'!$B53="","",INDEX(Daten!$C$2019:$J$2118,48,$C$4)) | I54: =IF(NOT(ISNUMBER(H54)),"",INDEX(Noten,MAX(1,MIN(COUNT(NGrenze),COUNT(NGrenze)+1-COUNTIF(NGrenze,"<="&H54))))&" – "&INDEX(NText,MAX(1,MIN(COUNT(NGrenze),COUNT(NGrenze)+1-COUNTIF(NGrenze,"<="&H54))))) | J54: =IF('Stammdaten'!$B53="","",INDEX(Daten!$C$1914:$J$2013,48,$C$4)) | K54: =IF('Stammdaten'!$B53="","",INDEX(Daten!$C$2124:$J$2223,48,$C$4)) | L54: =IF(NOT(ISNUMBER(K54)),"",INDEX(Noten,MAX(1,MIN(COUNT(NGrenze),COUNT(NGrenze)+1-COUNTIF(NGrenze,"<="&K54))))&" – "&INDEX(NText,MAX(1,MIN(COUNT(NGrenze),COUNT(NGrenze)+1-COUNTIF(NGrenze,"<="&K54))))) | M54: =IF('Stammdaten'!$B53="","",INDEX(Daten!$C$2229:$J$2328,48,$C$4)) | N54: =IF(NOT(ISNUMBER(M54)),"",INDEX(Noten,MAX(1,MIN(COUNT(NGrenze),COUNT(NGrenze)+1-COUNTIF(NGrenze,"<="&M54))))&" – "&INDEX(NText,MAX(1,MIN(COUNT(NGrenze),COUNT(NGrenze)+1-COUNTIF(NGrenze,"<="&M54))))) | O54: =IF($A54="","",IF($G54=0,"keine Bewertung",IF($G54<SchwelleDB,"wenig Datenbasis","")))&IF(AND($A54<>"",'Stammdaten'!$G53<>"aktiv")," · "&'Stammdaten'!$G53,"")
A55: =IF('Stammdaten'!$B54="","",49) | B55: =IF('Stammdaten'!$B54="","",'Stammdaten'!$B54) | C55: =IF('Stammdaten'!$B54="","",'Stammdaten'!$C54) | D55: =IF('Stammdaten'!$B54="","",'Stammdaten'!$D54) | E55: =IF('Stammdaten'!$B54="","",'Stammdaten'!$E54) | F55: =IF('Stammdaten'!$B54="","",'Stammdaten'!$H54) | G55: =IF('Stammdaten'!$B54="","",INDEX(Daten!$C$1704:$J$1803,49,$C$4)) | H55: =IF('Stammdaten'!$B54="","",INDEX(Daten!$C$2019:$J$2118,49,$C$4)) | I55: =IF(NOT(ISNUMBER(H55)),"",INDEX(Noten,MAX(1,MIN(COUNT(NGrenze),COUNT(NGrenze)+1-COUNTIF(NGrenze,"<="&H55))))&" – "&INDEX(NText,MAX(1,MIN(COUNT(NGrenze),COUNT(NGrenze)+1-COUNTIF(NGrenze,"<="&H55))))) | J55: =IF('Stammdaten'!$B54="","",INDEX(Daten!$C$1914:$J$2013,49,$C$4)) | K55: =IF('Stammdaten'!$B54="","",INDEX(Daten!$C$2124:$J$2223,49,$C$4)) | L55: =IF(NOT(ISNUMBER(K55)),"",INDEX(Noten,MAX(1,MIN(COUNT(NGrenze),COUNT(NGrenze)+1-COUNTIF(NGrenze,"<="&K55))))&" – "&INDEX(NText,MAX(1,MIN(COUNT(NGrenze),COUNT(NGrenze)+1-COUNTIF(NGrenze,"<="&K55))))) | M55: =IF('Stammdaten'!$B54="","",INDEX(Daten!$C$2229:$J$2328,49,$C$4)) | N55: =IF(NOT(ISNUMBER(M55)),"",INDEX(Noten,MAX(1,MIN(COUNT(NGrenze),COUNT(NGrenze)+1-COUNTIF(NGrenze,"<="&M55))))&" – "&INDEX(NText,MAX(1,MIN(COUNT(NGrenze),COUNT(NGrenze)+1-COUNTIF(NGrenze,"<="&M55))))) | O55: =IF($A55="","",IF($G55=0,"keine Bewertung",IF($G55<SchwelleDB,"wenig Datenbasis","")))&IF(AND($A55<>"",'Stammdaten'!$G54<>"aktiv")," · "&'Stammdaten'!$G54,"")
A56: =IF('Stammdaten'!$B55="","",50) | B56: =IF('Stammdaten'!$B55="","",'Stammdaten'!$B55) | C56: =IF('Stammdaten'!$B55="","",'Stammdaten'!$C55) | D56: =IF('Stammdaten'!$B55="","",'Stammdaten'!$D55) | E56: =IF('Stammdaten'!$B55="","",'Stammdaten'!$E55) | F56: =IF('Stammdaten'!$B55="","",'Stammdaten'!$H55) | G56: =IF('Stammdaten'!$B55="","",INDEX(Daten!$C$1704:$J$1803,50,$C$4)) | H56: =IF('Stammdaten'!$B55="","",INDEX(Daten!$C$2019:$J$2118,50,$C$4)) | I56: =IF(NOT(ISNUMBER(H56)),"",INDEX(Noten,MAX(1,MIN(COUNT(NGrenze),COUNT(NGrenze)+1-COUNTIF(NGrenze,"<="&H56))))&" – "&INDEX(NText,MAX(1,MIN(COUNT(NGrenze),COUNT(NGrenze)+1-COUNTIF(NGrenze,"<="&H56))))) | J56: =IF('Stammdaten'!$B55="","",INDEX(Daten!$C$1914:$J$2013,50,$C$4)) | K56: =IF('Stammdaten'!$B55="","",INDEX(Daten!$C$2124:$J$2223,50,$C$4)) | L56: =IF(NOT(ISNUMBER(K56)),"",INDEX(Noten,MAX(1,MIN(COUNT(NGrenze),COUNT(NGrenze)+1-COUNTIF(NGrenze,"<="&K56))))&" – "&INDEX(NText,MAX(1,MIN(COUNT(NGrenze),COUNT(NGrenze)+1-COUNTIF(NGrenze,"<="&K56))))) | M56: =IF('Stammdaten'!$B55="","",INDEX(Daten!$C$2229:$J$2328,50,$C$4)) | N56: =IF(NOT(ISNUMBER(M56)),"",INDEX(Noten,MAX(1,MIN(COUNT(NGrenze),COUNT(NGrenze)+1-COUNTIF(NGrenze,"<="&M56))))&" – "&INDEX(NText,MAX(1,MIN(COUNT(NGrenze),COUNT(NGrenze)+1-COUNTIF(NGrenze,"<="&M56))))) | O56: =IF($A56="","",IF($G56=0,"keine Bewertung",IF($G56<SchwelleDB,"wenig Datenbasis","")))&IF(AND($A56<>"",'Stammdaten'!$G55<>"aktiv")," · "&'Stammdaten'!$G55,"")
A57: =IF('Stammdaten'!$B56="","",51) | B57: =IF('Stammdaten'!$B56="","",'Stammdaten'!$B56) | C57: =IF('Stammdaten'!$B56="","",'Stammdaten'!$C56) | D57: =IF('Stammdaten'!$B56="","",'Stammdaten'!$D56) | E57: =IF('Stammdaten'!$B56="","",'Stammdaten'!$E56) | F57: =IF('Stammdaten'!$B56="","",'Stammdaten'!$H56) | G57: =IF('Stammdaten'!$B56="","",INDEX(Daten!$C$1704:$J$1803,51,$C$4)) | H57: =IF('Stammdaten'!$B56="","",INDEX(Daten!$C$2019:$J$2118,51,$C$4)) | I57: =IF(NOT(ISNUMBER(H57)),"",INDEX(Noten,MAX(1,MIN(COUNT(NGrenze),COUNT(NGrenze)+1-COUNTIF(NGrenze,"<="&H57))))&" – "&INDEX(NText,MAX(1,MIN(COUNT(NGrenze),COUNT(NGrenze)+1-COUNTIF(NGrenze,"<="&H57))))) | J57: =IF('Stammdaten'!$B56="","",INDEX(Daten!$C$1914:$J$2013,51,$C$4)) | K57: =IF('Stammdaten'!$B56="","",INDEX(Daten!$C$2124:$J$2223,51,$C$4)) | L57: =IF(NOT(ISNUMBER(K57)),"",INDEX(Noten,MAX(1,MIN(COUNT(NGrenze),COUNT(NGrenze)+1-COUNTIF(NGrenze,"<="&K57))))&" – "&INDEX(NText,MAX(1,MIN(COUNT(NGrenze),COUNT(NGrenze)+1-COUNTIF(NGrenze,"<="&K57))))) | M57: =IF('Stammdaten'!$B56="","",INDEX(Daten!$C$2229:$J$2328,51,$C$4)) | N57: =IF(NOT(ISNUMBER(M57)),"",INDEX(Noten,MAX(1,MIN(COUNT(NGrenze),COUNT(NGrenze)+1-COUNTIF(NGrenze,"<="&M57))))&" – "&INDEX(NText,MAX(1,MIN(COUNT(NGrenze),COUNT(NGrenze)+1-COUNTIF(NGrenze,"<="&M57))))) | O57: =IF($A57="","",IF($G57=0,"keine Bewertung",IF($G57<SchwelleDB,"wenig Datenbasis","")))&IF(AND($A57<>"",'Stammdaten'!$G56<>"aktiv")," · "&'Stammdaten'!$G56,"")
A58: =IF('Stammdaten'!$B57="","",52) | B58: =IF('Stammdaten'!$B57="","",'Stammdaten'!$B57) | C58: =IF('Stammdaten'!$B57="","",'Stammdaten'!$C57) | D58: =IF('Stammdaten'!$B57="","",'Stammdaten'!$D57) | E58: =IF('Stammdaten'!$B57="","",'Stammdaten'!$E57) | F58: =IF('Stammdaten'!$B57="","",'Stammdaten'!$H57) | G58: =IF('Stammdaten'!$B57="","",INDEX(Daten!$C$1704:$J$1803,52,$C$4)) | H58: =IF('Stammdaten'!$B57="","",INDEX(Daten!$C$2019:$J$2118,52,$C$4)) | I58: =IF(NOT(ISNUMBER(H58)),"",INDEX(Noten,MAX(1,MIN(COUNT(NGrenze),COUNT(NGrenze)+1-COUNTIF(NGrenze,"<="&H58))))&" – "&INDEX(NText,MAX(1,MIN(COUNT(NGrenze),COUNT(NGrenze)+1-COUNTIF(NGrenze,"<="&H58))))) | J58: =IF('Stammdaten'!$B57="","",INDEX(Daten!$C$1914:$J$2013,52,$C$4)) | K58: =IF('Stammdaten'!$B57="","",INDEX(Daten!$C$2124:$J$2223,52,$C$4)) | L58: =IF(NOT(ISNUMBER(K58)),"",INDEX(Noten,MAX(1,MIN(COUNT(NGrenze),COUNT(NGrenze)+1-COUNTIF(NGrenze,"<="&K58))))&" – "&INDEX(NText,MAX(1,MIN(COUNT(NGrenze),COUNT(NGrenze)+1-COUNTIF(NGrenze,"<="&K58))))) | M58: =IF('Stammdaten'!$B57="","",INDEX(Daten!$C$2229:$J$2328,52,$C$4)) | N58: =IF(NOT(ISNUMBER(M58)),"",INDEX(Noten,MAX(1,MIN(COUNT(NGrenze),COUNT(NGrenze)+1-COUNTIF(NGrenze,"<="&M58))))&" – "&INDEX(NText,MAX(1,MIN(COUNT(NGrenze),COUNT(NGrenze)+1-COUNTIF(NGrenze,"<="&M58))))) | O58: =IF($A58="","",IF($G58=0,"keine Bewertung",IF($G58<SchwelleDB,"wenig Datenbasis","")))&IF(AND($A58<>"",'Stammdaten'!$G57<>"aktiv")," · "&'Stammdaten'!$G57,"")
A59: =IF('Stammdaten'!$B58="","",53) | B59: =IF('Stammdaten'!$B58="","",'Stammdaten'!$B58) | C59: =IF('Stammdaten'!$B58="","",'Stammdaten'!$C58) | D59: =IF('Stammdaten'!$B58="","",'Stammdaten'!$D58) | E59: =IF('Stammdaten'!$B58="","",'Stammdaten'!$E58) | F59: =IF('Stammdaten'!$B58="","",'Stammdaten'!$H58) | G59: =IF('Stammdaten'!$B58="","",INDEX(Daten!$C$1704:$J$1803,53,$C$4)) | H59: =IF('Stammdaten'!$B58="","",INDEX(Daten!$C$2019:$J$2118,53,$C$4)) | I59: =IF(NOT(ISNUMBER(H59)),"",INDEX(Noten,MAX(1,MIN(COUNT(NGrenze),COUNT(NGrenze)+1-COUNTIF(NGrenze,"<="&H59))))&" – "&INDEX(NText,MAX(1,MIN(COUNT(NGrenze),COUNT(NGrenze)+1-COUNTIF(NGrenze,"<="&H59))))) | J59: =IF('Stammdaten'!$B58="","",INDEX(Daten!$C$1914:$J$2013,53,$C$4)) | K59: =IF('Stammdaten'!$B58="","",INDEX(Daten!$C$2124:$J$2223,53,$C$4)) | L59: =IF(NOT(ISNUMBER(K59)),"",INDEX(Noten,MAX(1,MIN(COUNT(NGrenze),COUNT(NGrenze)+1-COUNTIF(NGrenze,"<="&K59))))&" – "&INDEX(NText,MAX(1,MIN(COUNT(NGrenze),COUNT(NGrenze)+1-COUNTIF(NGrenze,"<="&K59))))) | M59: =IF('Stammdaten'!$B58="","",INDEX(Daten!$C$2229:$J$2328,53,$C$4)) | N59: =IF(NOT(ISNUMBER(M59)),"",INDEX(Noten,MAX(1,MIN(COUNT(NGrenze),COUNT(NGrenze)+1-COUNTIF(NGrenze,"<="&M59))))&" – "&INDEX(NText,MAX(1,MIN(COUNT(NGrenze),COUNT(NGrenze)+1-COUNTIF(NGrenze,"<="&M59))))) | O59: =IF($A59="","",IF($G59=0,"keine Bewertung",IF($G59<SchwelleDB,"wenig Datenbasis","")))&IF(AND($A59<>"",'Stammdaten'!$G58<>"aktiv")," · "&'Stammdaten'!$G58,"")
A60: =IF('Stammdaten'!$B59="","",54) | B60: =IF('Stammdaten'!$B59="","",'Stammdaten'!$B59) | C60: =IF('Stammdaten'!$B59="","",'Stammdaten'!$C59) | D60: =IF('Stammdaten'!$B59="","",'Stammdaten'!$D59) | E60: =IF('Stammdaten'!$B59="","",'Stammdaten'!$E59) | F60: =IF('Stammdaten'!$B59="","",'Stammdaten'!$H59) | G60: =IF('Stammdaten'!$B59="","",INDEX(Daten!$C$1704:$J$1803,54,$C$4)) | H60: =IF('Stammdaten'!$B59="","",INDEX(Daten!$C$2019:$J$2118,54,$C$4)) | I60: =IF(NOT(ISNUMBER(H60)),"",INDEX(Noten,MAX(1,MIN(COUNT(NGrenze),COUNT(NGrenze)+1-COUNTIF(NGrenze,"<="&H60))))&" – "&INDEX(NText,MAX(1,MIN(COUNT(NGrenze),COUNT(NGrenze)+1-COUNTIF(NGrenze,"<="&H60))))) | J60: =IF('Stammdaten'!$B59="","",INDEX(Daten!$C$1914:$J$2013,54,$C$4)) | K60: =IF('Stammdaten'!$B59="","",INDEX(Daten!$C$2124:$J$2223,54,$C$4)) | L60: =IF(NOT(ISNUMBER(K60)),"",INDEX(Noten,MAX(1,MIN(COUNT(NGrenze),COUNT(NGrenze)+1-COUNTIF(NGrenze,"<="&K60))))&" – "&INDEX(NText,MAX(1,MIN(COUNT(NGrenze),COUNT(NGrenze)+1-COUNTIF(NGrenze,"<="&K60))))) | M60: =IF('Stammdaten'!$B59="","",INDEX(Daten!$C$2229:$J$2328,54,$C$4)) | N60: =IF(NOT(ISNUMBER(M60)),"",INDEX(Noten,MAX(1,MIN(COUNT(NGrenze),COUNT(NGrenze)+1-COUNTIF(NGrenze,"<="&M60))))&" – "&INDEX(NText,MAX(1,MIN(COUNT(NGrenze),COUNT(NGrenze)+1-COUNTIF(NGrenze,"<="&M60))))) | O60: =IF($A60="","",IF($G60=0,"keine Bewertung",IF($G60<SchwelleDB,"wenig Datenbasis","")))&IF(AND($A60<>"",'Stammdaten'!$G59<>"aktiv")," · "&'Stammdaten'!$G59,"")
A61: =IF('Stammdaten'!$B60="","",55) | B61: =IF('Stammdaten'!$B60="","",'Stammdaten'!$B60) | C61: =IF('Stammdaten'!$B60="","",'Stammdaten'!$C60) | D61: =IF('Stammdaten'!$B60="","",'Stammdaten'!$D60) | E61: =IF('Stammdaten'!$B60="","",'Stammdaten'!$E60) | F61: =IF('Stammdaten'!$B60="","",'Stammdaten'!$H60) | G61: =IF('Stammdaten'!$B60="","",INDEX(Daten!$C$1704:$J$1803,55,$C$4)) | H61: =IF('Stammdaten'!$B60="","",INDEX(Daten!$C$2019:$J$2118,55,$C$4)) | I61: =IF(NOT(ISNUMBER(H61)),"",INDEX(Noten,MAX(1,MIN(COUNT(NGrenze),COUNT(NGrenze)+1-COUNTIF(NGrenze,"<="&H61))))&" – "&INDEX(NText,MAX(1,MIN(COUNT(NGrenze),COUNT(NGrenze)+1-COUNTIF(NGrenze,"<="&H61))))) | J61: =IF('Stammdaten'!$B60="","",INDEX(Daten!$C$1914:$J$2013,55,$C$4)) | K61: =IF('Stammdaten'!$B60="","",INDEX(Daten!$C$2124:$J$2223,55,$C$4)) | L61: =IF(NOT(ISNUMBER(K61)),"",INDEX(Noten,MAX(1,MIN(COUNT(NGrenze),COUNT(NGrenze)+1-COUNTIF(NGrenze,"<="&K61))))&" – "&INDEX(NText,MAX(1,MIN(COUNT(NGrenze),COUNT(NGrenze)+1-COUNTIF(NGrenze,"<="&K61))))) | M61: =IF('Stammdaten'!$B60="","",INDEX(Daten!$C$2229:$J$2328,55,$C$4)) | N61: =IF(NOT(ISNUMBER(M61)),"",INDEX(Noten,MAX(1,MIN(COUNT(NGrenze),COUNT(NGrenze)+1-COUNTIF(NGrenze,"<="&M61))))&" – "&INDEX(NText,MAX(1,MIN(COUNT(NGrenze),COUNT(NGrenze)+1-COUNTIF(NGrenze,"<="&M61))))) | O61: =IF($A61="","",IF($G61=0,"keine Bewertung",IF($G61<SchwelleDB,"wenig Datenbasis","")))&IF(AND($A61<>"",'Stammdaten'!$G60<>"aktiv")," · "&'Stammdaten'!$G60,"")
A62: =IF('Stammdaten'!$B61="","",56) | B62: =IF('Stammdaten'!$B61="","",'Stammdaten'!$B61) | C62: =IF('Stammdaten'!$B61="","",'Stammdaten'!$C61) | D62: =IF('Stammdaten'!$B61="","",'Stammdaten'!$D61) | E62: =IF('Stammdaten'!$B61="","",'Stammdaten'!$E61) | F62: =IF('Stammdaten'!$B61="","",'Stammdaten'!$H61) | G62: =IF('Stammdaten'!$B61="","",INDEX(Daten!$C$1704:$J$1803,56,$C$4)) | H62: =IF('Stammdaten'!$B61="","",INDEX(Daten!$C$2019:$J$2118,56,$C$4)) | I62: =IF(NOT(ISNUMBER(H62)),"",INDEX(Noten,MAX(1,MIN(COUNT(NGrenze),COUNT(NGrenze)+1-COUNTIF(NGrenze,"<="&H62))))&" – "&INDEX(NText,MAX(1,MIN(COUNT(NGrenze),COUNT(NGrenze)+1-COUNTIF(NGrenze,"<="&H62))))) | J62: =IF('Stammdaten'!$B61="","",INDEX(Daten!$C$1914:$J$2013,56,$C$4)) | K62: =IF('Stammdaten'!$B61="","",INDEX(Daten!$C$2124:$J$2223,56,$C$4)) | L62: =IF(NOT(ISNUMBER(K62)),"",INDEX(Noten,MAX(1,MIN(COUNT(NGrenze),COUNT(NGrenze)+1-COUNTIF(NGrenze,"<="&K62))))&" – "&INDEX(NText,MAX(1,MIN(COUNT(NGrenze),COUNT(NGrenze)+1-COUNTIF(NGrenze,"<="&K62))))) | M62: =IF('Stammdaten'!$B61="","",INDEX(Daten!$C$2229:$J$2328,56,$C$4)) | N62: =IF(NOT(ISNUMBER(M62)),"",INDEX(Noten,MAX(1,MIN(COUNT(NGrenze),COUNT(NGrenze)+1-COUNTIF(NGrenze,"<="&M62))))&" – "&INDEX(NText,MAX(1,MIN(COUNT(NGrenze),COUNT(NGrenze)+1-COUNTIF(NGrenze,"<="&M62))))) | O62: =IF($A62="","",IF($G62=0,"keine Bewertung",IF($G62<SchwelleDB,"wenig Datenbasis","")))&IF(AND($A62<>"",'Stammdaten'!$G61<>"aktiv")," · "&'Stammdaten'!$G61,"")
A63: =IF('Stammdaten'!$B62="","",57) | B63: =IF('Stammdaten'!$B62="","",'Stammdaten'!$B62) | C63: =IF('Stammdaten'!$B62="","",'Stammdaten'!$C62) | D63: =IF('Stammdaten'!$B62="","",'Stammdaten'!$D62) | E63: =IF('Stammdaten'!$B62="","",'Stammdaten'!$E62) | F63: =IF('Stammdaten'!$B62="","",'Stammdaten'!$H62) | G63: =IF('Stammdaten'!$B62="","",INDEX(Daten!$C$1704:$J$1803,57,$C$4)) | H63: =IF('Stammdaten'!$B62="","",INDEX(Daten!$C$2019:$J$2118,57,$C$4)) | I63: =IF(NOT(ISNUMBER(H63)),"",INDEX(Noten,MAX(1,MIN(COUNT(NGrenze),COUNT(NGrenze)+1-COUNTIF(NGrenze,"<="&H63))))&" – "&INDEX(NText,MAX(1,MIN(COUNT(NGrenze),COUNT(NGrenze)+1-COUNTIF(NGrenze,"<="&H63))))) | J63: =IF('Stammdaten'!$B62="","",INDEX(Daten!$C$1914:$J$2013,57,$C$4)) | K63: =IF('Stammdaten'!$B62="","",INDEX(Daten!$C$2124:$J$2223,57,$C$4)) | L63: =IF(NOT(ISNUMBER(K63)),"",INDEX(Noten,MAX(1,MIN(COUNT(NGrenze),COUNT(NGrenze)+1-COUNTIF(NGrenze,"<="&K63))))&" – "&INDEX(NText,MAX(1,MIN(COUNT(NGrenze),COUNT(NGrenze)+1-COUNTIF(NGrenze,"<="&K63))))) | M63: =IF('Stammdaten'!$B62="","",INDEX(Daten!$C$2229:$J$2328,57,$C$4)) | N63: =IF(NOT(ISNUMBER(M63)),"",INDEX(Noten,MAX(1,MIN(COUNT(NGrenze),COUNT(NGrenze)+1-COUNTIF(NGrenze,"<="&M63))))&" – "&INDEX(NText,MAX(1,MIN(COUNT(NGrenze),COUNT(NGrenze)+1-COUNTIF(NGrenze,"<="&M63))))) | O63: =IF($A63="","",IF($G63=0,"keine Bewertung",IF($G63<SchwelleDB,"wenig Datenbasis","")))&IF(AND($A63<>"",'Stammdaten'!$G62<>"aktiv")," · "&'Stammdaten'!$G62,"")
A64: =IF('Stammdaten'!$B63="","",58) | B64: =IF('Stammdaten'!$B63="","",'Stammdaten'!$B63) | C64: =IF('Stammdaten'!$B63="","",'Stammdaten'!$C63) | D64: =IF('Stammdaten'!$B63="","",'Stammdaten'!$D63) | E64: =IF('Stammdaten'!$B63="","",'Stammdaten'!$E63) | F64: =IF('Stammdaten'!$B63="","",'Stammdaten'!$H63) | G64: =IF('Stammdaten'!$B63="","",INDEX(Daten!$C$1704:$J$1803,58,$C$4)) | H64: =IF('Stammdaten'!$B63="","",INDEX(Daten!$C$2019:$J$2118,58,$C$4)) | I64: =IF(NOT(ISNUMBER(H64)),"",INDEX(Noten,MAX(1,MIN(COUNT(NGrenze),COUNT(NGrenze)+1-COUNTIF(NGrenze,"<="&H64))))&" – "&INDEX(NText,MAX(1,MIN(COUNT(NGrenze),COUNT(NGrenze)+1-COUNTIF(NGrenze,"<="&H64))))) | J64: =IF('Stammdaten'!$B63="","",INDEX(Daten!$C$1914:$J$2013,58,$C$4)) | K64: =IF('Stammdaten'!$B63="","",INDEX(Daten!$C$2124:$J$2223,58,$C$4)) | L64: =IF(NOT(ISNUMBER(K64)),"",INDEX(Noten,MAX(1,MIN(COUNT(NGrenze),COUNT(NGrenze)+1-COUNTIF(NGrenze,"<="&K64))))&" – "&INDEX(NText,MAX(1,MIN(COUNT(NGrenze),COUNT(NGrenze)+1-COUNTIF(NGrenze,"<="&K64))))) | M64: =IF('Stammdaten'!$B63="","",INDEX(Daten!$C$2229:$J$2328,58,$C$4)) | N64: =IF(NOT(ISNUMBER(M64)),"",INDEX(Noten,MAX(1,MIN(COUNT(NGrenze),COUNT(NGrenze)+1-COUNTIF(NGrenze,"<="&M64))))&" – "&INDEX(NText,MAX(1,MIN(COUNT(NGrenze),COUNT(NGrenze)+1-COUNTIF(NGrenze,"<="&M64))))) | O64: =IF($A64="","",IF($G64=0,"keine Bewertung",IF($G64<SchwelleDB,"wenig Datenbasis","")))&IF(AND($A64<>"",'Stammdaten'!$G63<>"aktiv")," · "&'Stammdaten'!$G63,"")
A65: =IF('Stammdaten'!$B64="","",59) | B65: =IF('Stammdaten'!$B64="","",'Stammdaten'!$B64) | C65: =IF('Stammdaten'!$B64="","",'Stammdaten'!$C64) | D65: =IF('Stammdaten'!$B64="","",'Stammdaten'!$D64) | E65: =IF('Stammdaten'!$B64="","",'Stammdaten'!$E64) | F65: =IF('Stammdaten'!$B64="","",'Stammdaten'!$H64) | G65: =IF('Stammdaten'!$B64="","",INDEX(Daten!$C$1704:$J$1803,59,$C$4)) | H65: =IF('Stammdaten'!$B64="","",INDEX(Daten!$C$2019:$J$2118,59,$C$4)) | I65: =IF(NOT(ISNUMBER(H65)),"",INDEX(Noten,MAX(1,MIN(COUNT(NGrenze),COUNT(NGrenze)+1-COUNTIF(NGrenze,"<="&H65))))&" – "&INDEX(NText,MAX(1,MIN(COUNT(NGrenze),COUNT(NGrenze)+1-COUNTIF(NGrenze,"<="&H65))))) | J65: =IF('Stammdaten'!$B64="","",INDEX(Daten!$C$1914:$J$2013,59,$C$4)) | K65: =IF('Stammdaten'!$B64="","",INDEX(Daten!$C$2124:$J$2223,59,$C$4)) | L65: =IF(NOT(ISNUMBER(K65)),"",INDEX(Noten,MAX(1,MIN(COUNT(NGrenze),COUNT(NGrenze)+1-COUNTIF(NGrenze,"<="&K65))))&" – "&INDEX(NText,MAX(1,MIN(COUNT(NGrenze),COUNT(NGrenze)+1-COUNTIF(NGrenze,"<="&K65))))) | M65: =IF('Stammdaten'!$B64="","",INDEX(Daten!$C$2229:$J$2328,59,$C$4)) | N65: =IF(NOT(ISNUMBER(M65)),"",INDEX(Noten,MAX(1,MIN(COUNT(NGrenze),COUNT(NGrenze)+1-COUNTIF(NGrenze,"<="&M65))))&" – "&INDEX(NText,MAX(1,MIN(COUNT(NGrenze),COUNT(NGrenze)+1-COUNTIF(NGrenze,"<="&M65))))) | O65: =IF($A65="","",IF($G65=0,"keine Bewertung",IF($G65<SchwelleDB,"wenig Datenbasis","")))&IF(AND($A65<>"",'Stammdaten'!$G64<>"aktiv")," · "&'Stammdaten'!$G64,"")
A66: =IF('Stammdaten'!$B65="","",60) | B66: =IF('Stammdaten'!$B65="","",'Stammdaten'!$B65) | C66: =IF('Stammdaten'!$B65="","",'Stammdaten'!$C65) | D66: =IF('Stammdaten'!$B65="","",'Stammdaten'!$D65) | E66: =IF('Stammdaten'!$B65="","",'Stammdaten'!$E65) | F66: =IF('Stammdaten'!$B65="","",'Stammdaten'!$H65) | G66: =IF('Stammdaten'!$B65="","",INDEX(Daten!$C$1704:$J$1803,60,$C$4)) | H66: =IF('Stammdaten'!$B65="","",INDEX(Daten!$C$2019:$J$2118,60,$C$4)) | I66: =IF(NOT(ISNUMBER(H66)),"",INDEX(Noten,MAX(1,MIN(COUNT(NGrenze),COUNT(NGrenze)+1-COUNTIF(NGrenze,"<="&H66))))&" – "&INDEX(NText,MAX(1,MIN(COUNT(NGrenze),COUNT(NGrenze)+1-COUNTIF(NGrenze,"<="&H66))))) | J66: =IF('Stammdaten'!$B65="","",INDEX(Daten!$C$1914:$J$2013,60,$C$4)) | K66: =IF('Stammdaten'!$B65="","",INDEX(Daten!$C$2124:$J$2223,60,$C$4)) | L66: =IF(NOT(ISNUMBER(K66)),"",INDEX(Noten,MAX(1,MIN(COUNT(NGrenze),COUNT(NGrenze)+1-COUNTIF(NGrenze,"<="&K66))))&" – "&INDEX(NText,MAX(1,MIN(COUNT(NGrenze),COUNT(NGrenze)+1-COUNTIF(NGrenze,"<="&K66))))) | M66: =IF('Stammdaten'!$B65="","",INDEX(Daten!$C$2229:$J$2328,60,$C$4)) | N66: =IF(NOT(ISNUMBER(M66)),"",INDEX(Noten,MAX(1,MIN(COUNT(NGrenze),COUNT(NGrenze)+1-COUNTIF(NGrenze,"<="&M66))))&" – "&INDEX(NText,MAX(1,MIN(COUNT(NGrenze),COUNT(NGrenze)+1-COUNTIF(NGrenze,"<="&M66))))) | O66: =IF($A66="","",IF($G66=0,"keine Bewertung",IF($G66<SchwelleDB,"wenig Datenbasis","")))&IF(AND($A66<>"",'Stammdaten'!$G65<>"aktiv")," · "&'Stammdaten'!$G65,"")
A67: =IF('Stammdaten'!$B66="","",61) | B67: =IF('Stammdaten'!$B66="","",'Stammdaten'!$B66) | C67: =IF('Stammdaten'!$B66="","",'Stammdaten'!$C66) | D67: =IF('Stammdaten'!$B66="","",'Stammdaten'!$D66) | E67: =IF('Stammdaten'!$B66="","",'Stammdaten'!$E66) | F67: =IF('Stammdaten'!$B66="","",'Stammdaten'!$H66) | G67: =IF('Stammdaten'!$B66="","",INDEX(Daten!$C$1704:$J$1803,61,$C$4)) | H67: =IF('Stammdaten'!$B66="","",INDEX(Daten!$C$2019:$J$2118,61,$C$4)) | I67: =IF(NOT(ISNUMBER(H67)),"",INDEX(Noten,MAX(1,MIN(COUNT(NGrenze),COUNT(NGrenze)+1-COUNTIF(NGrenze,"<="&H67))))&" – "&INDEX(NText,MAX(1,MIN(COUNT(NGrenze),COUNT(NGrenze)+1-COUNTIF(NGrenze,"<="&H67))))) | J67: =IF('Stammdaten'!$B66="","",INDEX(Daten!$C$1914:$J$2013,61,$C$4)) | K67: =IF('Stammdaten'!$B66="","",INDEX(Daten!$C$2124:$J$2223,61,$C$4)) | L67: =IF(NOT(ISNUMBER(K67)),"",INDEX(Noten,MAX(1,MIN(COUNT(NGrenze),COUNT(NGrenze)+1-COUNTIF(NGrenze,"<="&K67))))&" – "&INDEX(NText,MAX(1,MIN(COUNT(NGrenze),COUNT(NGrenze)+1-COUNTIF(NGrenze,"<="&K67))))) | M67: =IF('Stammdaten'!$B66="","",INDEX(Daten!$C$2229:$J$2328,61,$C$4)) | N67: =IF(NOT(ISNUMBER(M67)),"",INDEX(Noten,MAX(1,MIN(COUNT(NGrenze),COUNT(NGrenze)+1-COUNTIF(NGrenze,"<="&M67))))&" – "&INDEX(NText,MAX(1,MIN(COUNT(NGrenze),COUNT(NGrenze)+1-COUNTIF(NGrenze,"<="&M67))))) | O67: =IF($A67="","",IF($G67=0,"keine Bewertung",IF($G67<SchwelleDB,"wenig Datenbasis","")))&IF(AND($A67<>"",'Stammdaten'!$G66<>"aktiv")," · "&'Stammdaten'!$G66,"")
A68: =IF('Stammdaten'!$B67="","",62) | B68: =IF('Stammdaten'!$B67="","",'Stammdaten'!$B67) | C68: =IF('Stammdaten'!$B67="","",'Stammdaten'!$C67) | D68: =IF('Stammdaten'!$B67="","",'Stammdaten'!$D67) | E68: =IF('Stammdaten'!$B67="","",'Stammdaten'!$E67) | F68: =IF('Stammdaten'!$B67="","",'Stammdaten'!$H67) | G68: =IF('Stammdaten'!$B67="","",INDEX(Daten!$C$1704:$J$1803,62,$C$4)) | H68: =IF('Stammdaten'!$B67="","",INDEX(Daten!$C$2019:$J$2118,62,$C$4)) | I68: =IF(NOT(ISNUMBER(H68)),"",INDEX(Noten,MAX(1,MIN(COUNT(NGrenze),COUNT(NGrenze)+1-COUNTIF(NGrenze,"<="&H68))))&" – "&INDEX(NText,MAX(1,MIN(COUNT(NGrenze),COUNT(NGrenze)+1-COUNTIF(NGrenze,"<="&H68))))) | J68: =IF('Stammdaten'!$B67="","",INDEX(Daten!$C$1914:$J$2013,62,$C$4)) | K68: =IF('Stammdaten'!$B67="","",INDEX(Daten!$C$2124:$J$2223,62,$C$4)) | L68: =IF(NOT(ISNUMBER(K68)),"",INDEX(Noten,MAX(1,MIN(COUNT(NGrenze),COUNT(NGrenze)+1-COUNTIF(NGrenze,"<="&K68))))&" – "&INDEX(NText,MAX(1,MIN(COUNT(NGrenze),COUNT(NGrenze)+1-COUNTIF(NGrenze,"<="&K68))))) | M68: =IF('Stammdaten'!$B67="","",INDEX(Daten!$C$2229:$J$2328,62,$C$4)) | N68: =IF(NOT(ISNUMBER(M68)),"",INDEX(Noten,MAX(1,MIN(COUNT(NGrenze),COUNT(NGrenze)+1-COUNTIF(NGrenze,"<="&M68))))&" – "&INDEX(NText,MAX(1,MIN(COUNT(NGrenze),COUNT(NGrenze)+1-COUNTIF(NGrenze,"<="&M68))))) | O68: =IF($A68="","",IF($G68=0,"keine Bewertung",IF($G68<SchwelleDB,"wenig Datenbasis","")))&IF(AND($A68<>"",'Stammdaten'!$G67<>"aktiv")," · "&'Stammdaten'!$G67,"")
A69: =IF('Stammdaten'!$B68="","",63) | B69: =IF('Stammdaten'!$B68="","",'Stammdaten'!$B68) | C69: =IF('Stammdaten'!$B68="","",'Stammdaten'!$C68) | D69: =IF('Stammdaten'!$B68="","",'Stammdaten'!$D68) | E69: =IF('Stammdaten'!$B68="","",'Stammdaten'!$E68) | F69: =IF('Stammdaten'!$B68="","",'Stammdaten'!$H68) | G69: =IF('Stammdaten'!$B68="","",INDEX(Daten!$C$1704:$J$1803,63,$C$4)) | H69: =IF('Stammdaten'!$B68="","",INDEX(Daten!$C$2019:$J$2118,63,$C$4)) | I69: =IF(NOT(ISNUMBER(H69)),"",INDEX(Noten,MAX(1,MIN(COUNT(NGrenze),COUNT(NGrenze)+1-COUNTIF(NGrenze,"<="&H69))))&" – "&INDEX(NText,MAX(1,MIN(COUNT(NGrenze),COUNT(NGrenze)+1-COUNTIF(NGrenze,"<="&H69))))) | J69: =IF('Stammdaten'!$B68="","",INDEX(Daten!$C$1914:$J$2013,63,$C$4)) | K69: =IF('Stammdaten'!$B68="","",INDEX(Daten!$C$2124:$J$2223,63,$C$4)) | L69: =IF(NOT(ISNUMBER(K69)),"",INDEX(Noten,MAX(1,MIN(COUNT(NGrenze),COUNT(NGrenze)+1-COUNTIF(NGrenze,"<="&K69))))&" – "&INDEX(NText,MAX(1,MIN(COUNT(NGrenze),COUNT(NGrenze)+1-COUNTIF(NGrenze,"<="&K69))))) | M69: =IF('Stammdaten'!$B68="","",INDEX(Daten!$C$2229:$J$2328,63,$C$4)) | N69: =IF(NOT(ISNUMBER(M69)),"",INDEX(Noten,MAX(1,MIN(COUNT(NGrenze),COUNT(NGrenze)+1-COUNTIF(NGrenze,"<="&M69))))&" – "&INDEX(NText,MAX(1,MIN(COUNT(NGrenze),COUNT(NGrenze)+1-COUNTIF(NGrenze,"<="&M69))))) | O69: =IF($A69="","",IF($G69=0,"keine Bewertung",IF($G69<SchwelleDB,"wenig Datenbasis","")))&IF(AND($A69<>"",'Stammdaten'!$G68<>"aktiv")," · "&'Stammdaten'!$G68,"")
A70: =IF('Stammdaten'!$B69="","",64) | B70: =IF('Stammdaten'!$B69="","",'Stammdaten'!$B69) | C70: =IF('Stammdaten'!$B69="","",'Stammdaten'!$C69) | D70: =IF('Stammdaten'!$B69="","",'Stammdaten'!$D69) | E70: =IF('Stammdaten'!$B69="","",'Stammdaten'!$E69) | F70: =IF('Stammdaten'!$B69="","",'Stammdaten'!$H69) | G70: =IF('Stammdaten'!$B69="","",INDEX(Daten!$C$1704:$J$1803,64,$C$4)) | H70: =IF('Stammdaten'!$B69="","",INDEX(Daten!$C$2019:$J$2118,64,$C$4)) | I70: =IF(NOT(ISNUMBER(H70)),"",INDEX(Noten,MAX(1,MIN(COUNT(NGrenze),COUNT(NGrenze)+1-COUNTIF(NGrenze,"<="&H70))))&" – "&INDEX(NText,MAX(1,MIN(COUNT(NGrenze),COUNT(NGrenze)+1-COUNTIF(NGrenze,"<="&H70))))) | J70: =IF('Stammdaten'!$B69="","",INDEX(Daten!$C$1914:$J$2013,64,$C$4)) | K70: =IF('Stammdaten'!$B69="","",INDEX(Daten!$C$2124:$J$2223,64,$C$4)) | L70: =IF(NOT(ISNUMBER(K70)),"",INDEX(Noten,MAX(1,MIN(COUNT(NGrenze),COUNT(NGrenze)+1-COUNTIF(NGrenze,"<="&K70))))&" – "&INDEX(NText,MAX(1,MIN(COUNT(NGrenze),COUNT(NGrenze)+1-COUNTIF(NGrenze,"<="&K70))))) | M70: =IF('Stammdaten'!$B69="","",INDEX(Daten!$C$2229:$J$2328,64,$C$4)) | N70: =IF(NOT(ISNUMBER(M70)),"",INDEX(Noten,MAX(1,MIN(COUNT(NGrenze),COUNT(NGrenze)+1-COUNTIF(NGrenze,"<="&M70))))&" – "&INDEX(NText,MAX(1,MIN(COUNT(NGrenze),COUNT(NGrenze)+1-COUNTIF(NGrenze,"<="&M70))))) | O70: =IF($A70="","",IF($G70=0,"keine Bewertung",IF($G70<SchwelleDB,"wenig Datenbasis","")))&IF(AND($A70<>"",'Stammdaten'!$G69<>"aktiv")," · "&'Stammdaten'!$G69,"")
A71: =IF('Stammdaten'!$B70="","",65) | B71: =IF('Stammdaten'!$B70="","",'Stammdaten'!$B70) | C71: =IF('Stammdaten'!$B70="","",'Stammdaten'!$C70) | D71: =IF('Stammdaten'!$B70="","",'Stammdaten'!$D70) | E71: =IF('Stammdaten'!$B70="","",'Stammdaten'!$E70) | F71: =IF('Stammdaten'!$B70="","",'Stammdaten'!$H70) | G71: =IF('Stammdaten'!$B70="","",INDEX(Daten!$C$1704:$J$1803,65,$C$4)) | H71: =IF('Stammdaten'!$B70="","",INDEX(Daten!$C$2019:$J$2118,65,$C$4)) | I71: =IF(NOT(ISNUMBER(H71)),"",INDEX(Noten,MAX(1,MIN(COUNT(NGrenze),COUNT(NGrenze)+1-COUNTIF(NGrenze,"<="&H71))))&" – "&INDEX(NText,MAX(1,MIN(COUNT(NGrenze),COUNT(NGrenze)+1-COUNTIF(NGrenze,"<="&H71))))) | J71: =IF('Stammdaten'!$B70="","",INDEX(Daten!$C$1914:$J$2013,65,$C$4)) | K71: =IF('Stammdaten'!$B70="","",INDEX(Daten!$C$2124:$J$2223,65,$C$4)) | L71: =IF(NOT(ISNUMBER(K71)),"",INDEX(Noten,MAX(1,MIN(COUNT(NGrenze),COUNT(NGrenze)+1-COUNTIF(NGrenze,"<="&K71))))&" – "&INDEX(NText,MAX(1,MIN(COUNT(NGrenze),COUNT(NGrenze)+1-COUNTIF(NGrenze,"<="&K71))))) | M71: =IF('Stammdaten'!$B70="","",INDEX(Daten!$C$2229:$J$2328,65,$C$4)) | N71: =IF(NOT(ISNUMBER(M71)),"",INDEX(Noten,MAX(1,MIN(COUNT(NGrenze),COUNT(NGrenze)+1-COUNTIF(NGrenze,"<="&M71))))&" – "&INDEX(NText,MAX(1,MIN(COUNT(NGrenze),COUNT(NGrenze)+1-COUNTIF(NGrenze,"<="&M71))))) | O71: =IF($A71="","",IF($G71=0,"keine Bewertung",IF($G71<SchwelleDB,"wenig Datenbasis","")))&IF(AND($A71<>"",'Stammdaten'!$G70<>"aktiv")," · "&'Stammdaten'!$G70,"")
A72: =IF('Stammdaten'!$B71="","",66) | B72: =IF('Stammdaten'!$B71="","",'Stammdaten'!$B71) | C72: =IF('Stammdaten'!$B71="","",'Stammdaten'!$C71) | D72: =IF('Stammdaten'!$B71="","",'Stammdaten'!$D71) | E72: =IF('Stammdaten'!$B71="","",'Stammdaten'!$E71) | F72: =IF('Stammdaten'!$B71="","",'Stammdaten'!$H71) | G72: =IF('Stammdaten'!$B71="","",INDEX(Daten!$C$1704:$J$1803,66,$C$4)) | H72: =IF('Stammdaten'!$B71="","",INDEX(Daten!$C$2019:$J$2118,66,$C$4)) | I72: =IF(NOT(ISNUMBER(H72)),"",INDEX(Noten,MAX(1,MIN(COUNT(NGrenze),COUNT(NGrenze)+1-COUNTIF(NGrenze,"<="&H72))))&" – "&INDEX(NText,MAX(1,MIN(COUNT(NGrenze),COUNT(NGrenze)+1-COUNTIF(NGrenze,"<="&H72))))) | J72: =IF('Stammdaten'!$B71="","",INDEX(Daten!$C$1914:$J$2013,66,$C$4)) | K72: =IF('Stammdaten'!$B71="","",INDEX(Daten!$C$2124:$J$2223,66,$C$4)) | L72: =IF(NOT(ISNUMBER(K72)),"",INDEX(Noten,MAX(1,MIN(COUNT(NGrenze),COUNT(NGrenze)+1-COUNTIF(NGrenze,"<="&K72))))&" – "&INDEX(NText,MAX(1,MIN(COUNT(NGrenze),COUNT(NGrenze)+1-COUNTIF(NGrenze,"<="&K72))))) | M72: =IF('Stammdaten'!$B71="","",INDEX(Daten!$C$2229:$J$2328,66,$C$4)) | N72: =IF(NOT(ISNUMBER(M72)),"",INDEX(Noten,MAX(1,MIN(COUNT(NGrenze),COUNT(NGrenze)+1-COUNTIF(NGrenze,"<="&M72))))&" – "&INDEX(NText,MAX(1,MIN(COUNT(NGrenze),COUNT(NGrenze)+1-COUNTIF(NGrenze,"<="&M72))))) | O72: =IF($A72="","",IF($G72=0,"keine Bewertung",IF($G72<SchwelleDB,"wenig Datenbasis","")))&IF(AND($A72<>"",'Stammdaten'!$G71<>"aktiv")," · "&'Stammdaten'!$G71,"")
A73: =IF('Stammdaten'!$B72="","",67) | B73: =IF('Stammdaten'!$B72="","",'Stammdaten'!$B72) | C73: =IF('Stammdaten'!$B72="","",'Stammdaten'!$C72) | D73: =IF('Stammdaten'!$B72="","",'Stammdaten'!$D72) | E73: =IF('Stammdaten'!$B72="","",'Stammdaten'!$E72) | F73: =IF('Stammdaten'!$B72="","",'Stammdaten'!$H72) | G73: =IF('Stammdaten'!$B72="","",INDEX(Daten!$C$1704:$J$1803,67,$C$4)) | H73: =IF('Stammdaten'!$B72="","",INDEX(Daten!$C$2019:$J$2118,67,$C$4)) | I73: =IF(NOT(ISNUMBER(H73)),"",INDEX(Noten,MAX(1,MIN(COUNT(NGrenze),COUNT(NGrenze)+1-COUNTIF(NGrenze,"<="&H73))))&" – "&INDEX(NText,MAX(1,MIN(COUNT(NGrenze),COUNT(NGrenze)+1-COUNTIF(NGrenze,"<="&H73))))) | J73: =IF('Stammdaten'!$B72="","",INDEX(Daten!$C$1914:$J$2013,67,$C$4)) | K73: =IF('Stammdaten'!$B72="","",INDEX(Daten!$C$2124:$J$2223,67,$C$4)) | L73: =IF(NOT(ISNUMBER(K73)),"",INDEX(Noten,MAX(1,MIN(COUNT(NGrenze),COUNT(NGrenze)+1-COUNTIF(NGrenze,"<="&K73))))&" – "&INDEX(NText,MAX(1,MIN(COUNT(NGrenze),COUNT(NGrenze)+1-COUNTIF(NGrenze,"<="&K73))))) | M73: =IF('Stammdaten'!$B72="","",INDEX(Daten!$C$2229:$J$2328,67,$C$4)) | N73: =IF(NOT(ISNUMBER(M73)),"",INDEX(Noten,MAX(1,MIN(COUNT(NGrenze),COUNT(NGrenze)+1-COUNTIF(NGrenze,"<="&M73))))&" – "&INDEX(NText,MAX(1,MIN(COUNT(NGrenze),COUNT(NGrenze)+1-COUNTIF(NGrenze,"<="&M73))))) | O73: =IF($A73="","",IF($G73=0,"keine Bewertung",IF($G73<SchwelleDB,"wenig Datenbasis","")))&IF(AND($A73<>"",'Stammdaten'!$G72<>"aktiv")," · "&'Stammdaten'!$G72,"")
A74: =IF('Stammdaten'!$B73="","",68) | B74: =IF('Stammdaten'!$B73="","",'Stammdaten'!$B73) | C74: =IF('Stammdaten'!$B73="","",'Stammdaten'!$C73) | D74: =IF('Stammdaten'!$B73="","",'Stammdaten'!$D73) | E74: =IF('Stammdaten'!$B73="","",'Stammdaten'!$E73) | F74: =IF('Stammdaten'!$B73="","",'Stammdaten'!$H73) | G74: =IF('Stammdaten'!$B73="","",INDEX(Daten!$C$1704:$J$1803,68,$C$4)) | H74: =IF('Stammdaten'!$B73="","",INDEX(Daten!$C$2019:$J$2118,68,$C$4)) | I74: =IF(NOT(ISNUMBER(H74)),"",INDEX(Noten,MAX(1,MIN(COUNT(NGrenze),COUNT(NGrenze)+1-COUNTIF(NGrenze,"<="&H74))))&" – "&INDEX(NText,MAX(1,MIN(COUNT(NGrenze),COUNT(NGrenze)+1-COUNTIF(NGrenze,"<="&H74))))) | J74: =IF('Stammdaten'!$B73="","",INDEX(Daten!$C$1914:$J$2013,68,$C$4)) | K74: =IF('Stammdaten'!$B73="","",INDEX(Daten!$C$2124:$J$2223,68,$C$4)) | L74: =IF(NOT(ISNUMBER(K74)),"",INDEX(Noten,MAX(1,MIN(COUNT(NGrenze),COUNT(NGrenze)+1-COUNTIF(NGrenze,"<="&K74))))&" – "&INDEX(NText,MAX(1,MIN(COUNT(NGrenze),COUNT(NGrenze)+1-COUNTIF(NGrenze,"<="&K74))))) | M74: =IF('Stammdaten'!$B73="","",INDEX(Daten!$C$2229:$J$2328,68,$C$4)) | N74: =IF(NOT(ISNUMBER(M74)),"",INDEX(Noten,MAX(1,MIN(COUNT(NGrenze),COUNT(NGrenze)+1-COUNTIF(NGrenze,"<="&M74))))&" – "&INDEX(NText,MAX(1,MIN(COUNT(NGrenze),COUNT(NGrenze)+1-COUNTIF(NGrenze,"<="&M74))))) | O74: =IF($A74="","",IF($G74=0,"keine Bewertung",IF($G74<SchwelleDB,"wenig Datenbasis","")))&IF(AND($A74<>"",'Stammdaten'!$G73<>"aktiv")," · "&'Stammdaten'!$G73,"")
A75: =IF('Stammdaten'!$B74="","",69) | B75: =IF('Stammdaten'!$B74="","",'Stammdaten'!$B74) | C75: =IF('Stammdaten'!$B74="","",'Stammdaten'!$C74) | D75: =IF('Stammdaten'!$B74="","",'Stammdaten'!$D74) | E75: =IF('Stammdaten'!$B74="","",'Stammdaten'!$E74) | F75: =IF('Stammdaten'!$B74="","",'Stammdaten'!$H74) | G75: =IF('Stammdaten'!$B74="","",INDEX(Daten!$C$1704:$J$1803,69,$C$4)) | H75: =IF('Stammdaten'!$B74="","",INDEX(Daten!$C$2019:$J$2118,69,$C$4)) | I75: =IF(NOT(ISNUMBER(H75)),"",INDEX(Noten,MAX(1,MIN(COUNT(NGrenze),COUNT(NGrenze)+1-COUNTIF(NGrenze,"<="&H75))))&" – "&INDEX(NText,MAX(1,MIN(COUNT(NGrenze),COUNT(NGrenze)+1-COUNTIF(NGrenze,"<="&H75))))) | J75: =IF('Stammdaten'!$B74="","",INDEX(Daten!$C$1914:$J$2013,69,$C$4)) | K75: =IF('Stammdaten'!$B74="","",INDEX(Daten!$C$2124:$J$2223,69,$C$4)) | L75: =IF(NOT(ISNUMBER(K75)),"",INDEX(Noten,MAX(1,MIN(COUNT(NGrenze),COUNT(NGrenze)+1-COUNTIF(NGrenze,"<="&K75))))&" – "&INDEX(NText,MAX(1,MIN(COUNT(NGrenze),COUNT(NGrenze)+1-COUNTIF(NGrenze,"<="&K75))))) | M75: =IF('Stammdaten'!$B74="","",INDEX(Daten!$C$2229:$J$2328,69,$C$4)) | N75: =IF(NOT(ISNUMBER(M75)),"",INDEX(Noten,MAX(1,MIN(COUNT(NGrenze),COUNT(NGrenze)+1-COUNTIF(NGrenze,"<="&M75))))&" – "&INDEX(NText,MAX(1,MIN(COUNT(NGrenze),COUNT(NGrenze)+1-COUNTIF(NGrenze,"<="&M75))))) | O75: =IF($A75="","",IF($G75=0,"keine Bewertung",IF($G75<SchwelleDB,"wenig Datenbasis","")))&IF(AND($A75<>"",'Stammdaten'!$G74<>"aktiv")," · "&'Stammdaten'!$G74,"")
A76: =IF('Stammdaten'!$B75="","",70) | B76: =IF('Stammdaten'!$B75="","",'Stammdaten'!$B75) | C76: =IF('Stammdaten'!$B75="","",'Stammdaten'!$C75) | D76: =IF('Stammdaten'!$B75="","",'Stammdaten'!$D75) | E76: =IF('Stammdaten'!$B75="","",'Stammdaten'!$E75) | F76: =IF('Stammdaten'!$B75="","",'Stammdaten'!$H75) | G76: =IF('Stammdaten'!$B75="","",INDEX(Daten!$C$1704:$J$1803,70,$C$4)) | H76: =IF('Stammdaten'!$B75="","",INDEX(Daten!$C$2019:$J$2118,70,$C$4)) | I76: =IF(NOT(ISNUMBER(H76)),"",INDEX(Noten,MAX(1,MIN(COUNT(NGrenze),COUNT(NGrenze)+1-COUNTIF(NGrenze,"<="&H76))))&" – "&INDEX(NText,MAX(1,MIN(COUNT(NGrenze),COUNT(NGrenze)+1-COUNTIF(NGrenze,"<="&H76))))) | J76: =IF('Stammdaten'!$B75="","",INDEX(Daten!$C$1914:$J$2013,70,$C$4)) | K76: =IF('Stammdaten'!$B75="","",INDEX(Daten!$C$2124:$J$2223,70,$C$4)) | L76: =IF(NOT(ISNUMBER(K76)),"",INDEX(Noten,MAX(1,MIN(COUNT(NGrenze),COUNT(NGrenze)+1-COUNTIF(NGrenze,"<="&K76))))&" – "&INDEX(NText,MAX(1,MIN(COUNT(NGrenze),COUNT(NGrenze)+1-COUNTIF(NGrenze,"<="&K76))))) | M76: =IF('Stammdaten'!$B75="","",INDEX(Daten!$C$2229:$J$2328,70,$C$4)) | N76: =IF(NOT(ISNUMBER(M76)),"",INDEX(Noten,MAX(1,MIN(COUNT(NGrenze),COUNT(NGrenze)+1-COUNTIF(NGrenze,"<="&M76))))&" – "&INDEX(NText,MAX(1,MIN(COUNT(NGrenze),COUNT(NGrenze)+1-COUNTIF(NGrenze,"<="&M76))))) | O76: =IF($A76="","",IF($G76=0,"keine Bewertung",IF($G76<SchwelleDB,"wenig Datenbasis","")))&IF(AND($A76<>"",'Stammdaten'!$G75<>"aktiv")," · "&'Stammdaten'!$G75,"")
A77: =IF('Stammdaten'!$B76="","",71) | B77: =IF('Stammdaten'!$B76="","",'Stammdaten'!$B76) | C77: =IF('Stammdaten'!$B76="","",'Stammdaten'!$C76) | D77: =IF('Stammdaten'!$B76="","",'Stammdaten'!$D76) | E77: =IF('Stammdaten'!$B76="","",'Stammdaten'!$E76) | F77: =IF('Stammdaten'!$B76="","",'Stammdaten'!$H76) | G77: =IF('Stammdaten'!$B76="","",INDEX(Daten!$C$1704:$J$1803,71,$C$4)) | H77: =IF('Stammdaten'!$B76="","",INDEX(Daten!$C$2019:$J$2118,71,$C$4)) | I77: =IF(NOT(ISNUMBER(H77)),"",INDEX(Noten,MAX(1,MIN(COUNT(NGrenze),COUNT(NGrenze)+1-COUNTIF(NGrenze,"<="&H77))))&" – "&INDEX(NText,MAX(1,MIN(COUNT(NGrenze),COUNT(NGrenze)+1-COUNTIF(NGrenze,"<="&H77))))) | J77: =IF('Stammdaten'!$B76="","",INDEX(Daten!$C$1914:$J$2013,71,$C$4)) | K77: =IF('Stammdaten'!$B76="","",INDEX(Daten!$C$2124:$J$2223,71,$C$4)) | L77: =IF(NOT(ISNUMBER(K77)),"",INDEX(Noten,MAX(1,MIN(COUNT(NGrenze),COUNT(NGrenze)+1-COUNTIF(NGrenze,"<="&K77))))&" – "&INDEX(NText,MAX(1,MIN(COUNT(NGrenze),COUNT(NGrenze)+1-COUNTIF(NGrenze,"<="&K77))))) | M77: =IF('Stammdaten'!$B76="","",INDEX(Daten!$C$2229:$J$2328,71,$C$4)) | N77: =IF(NOT(ISNUMBER(M77)),"",INDEX(Noten,MAX(1,MIN(COUNT(NGrenze),COUNT(NGrenze)+1-COUNTIF(NGrenze,"<="&M77))))&" – "&INDEX(NText,MAX(1,MIN(COUNT(NGrenze),COUNT(NGrenze)+1-COUNTIF(NGrenze,"<="&M77))))) | O77: =IF($A77="","",IF($G77=0,"keine Bewertung",IF($G77<SchwelleDB,"wenig Datenbasis","")))&IF(AND($A77<>"",'Stammdaten'!$G76<>"aktiv")," · "&'Stammdaten'!$G76,"")
A78: =IF('Stammdaten'!$B77="","",72) | B78: =IF('Stammdaten'!$B77="","",'Stammdaten'!$B77) | C78: =IF('Stammdaten'!$B77="","",'Stammdaten'!$C77) | D78: =IF('Stammdaten'!$B77="","",'Stammdaten'!$D77) | E78: =IF('Stammdaten'!$B77="","",'Stammdaten'!$E77) | F78: =IF('Stammdaten'!$B77="","",'Stammdaten'!$H77) | G78: =IF('Stammdaten'!$B77="","",INDEX(Daten!$C$1704:$J$1803,72,$C$4)) | H78: =IF('Stammdaten'!$B77="","",INDEX(Daten!$C$2019:$J$2118,72,$C$4)) | I78: =IF(NOT(ISNUMBER(H78)),"",INDEX(Noten,MAX(1,MIN(COUNT(NGrenze),COUNT(NGrenze)+1-COUNTIF(NGrenze,"<="&H78))))&" – "&INDEX(NText,MAX(1,MIN(COUNT(NGrenze),COUNT(NGrenze)+1-COUNTIF(NGrenze,"<="&H78))))) | J78: =IF('Stammdaten'!$B77="","",INDEX(Daten!$C$1914:$J$2013,72,$C$4)) | K78: =IF('Stammdaten'!$B77="","",INDEX(Daten!$C$2124:$J$2223,72,$C$4)) | L78: =IF(NOT(ISNUMBER(K78)),"",INDEX(Noten,MAX(1,MIN(COUNT(NGrenze),COUNT(NGrenze)+1-COUNTIF(NGrenze,"<="&K78))))&" – "&INDEX(NText,MAX(1,MIN(COUNT(NGrenze),COUNT(NGrenze)+1-COUNTIF(NGrenze,"<="&K78))))) | M78: =IF('Stammdaten'!$B77="","",INDEX(Daten!$C$2229:$J$2328,72,$C$4)) | N78: =IF(NOT(ISNUMBER(M78)),"",INDEX(Noten,MAX(1,MIN(COUNT(NGrenze),COUNT(NGrenze)+1-COUNTIF(NGrenze,"<="&M78))))&" – "&INDEX(NText,MAX(1,MIN(COUNT(NGrenze),COUNT(NGrenze)+1-COUNTIF(NGrenze,"<="&M78))))) | O78: =IF($A78="","",IF($G78=0,"keine Bewertung",IF($G78<SchwelleDB,"wenig Datenbasis","")))&IF(AND($A78<>"",'Stammdaten'!$G77<>"aktiv")," · "&'Stammdaten'!$G77,"")
A79: =IF('Stammdaten'!$B78="","",73) | B79: =IF('Stammdaten'!$B78="","",'Stammdaten'!$B78) | C79: =IF('Stammdaten'!$B78="","",'Stammdaten'!$C78) | D79: =IF('Stammdaten'!$B78="","",'Stammdaten'!$D78) | E79: =IF('Stammdaten'!$B78="","",'Stammdaten'!$E78) | F79: =IF('Stammdaten'!$B78="","",'Stammdaten'!$H78) | G79: =IF('Stammdaten'!$B78="","",INDEX(Daten!$C$1704:$J$1803,73,$C$4)) | H79: =IF('Stammdaten'!$B78="","",INDEX(Daten!$C$2019:$J$2118,73,$C$4)) | I79: =IF(NOT(ISNUMBER(H79)),"",INDEX(Noten,MAX(1,MIN(COUNT(NGrenze),COUNT(NGrenze)+1-COUNTIF(NGrenze,"<="&H79))))&" – "&INDEX(NText,MAX(1,MIN(COUNT(NGrenze),COUNT(NGrenze)+1-COUNTIF(NGrenze,"<="&H79))))) | J79: =IF('Stammdaten'!$B78="","",INDEX(Daten!$C$1914:$J$2013,73,$C$4)) | K79: =IF('Stammdaten'!$B78="","",INDEX(Daten!$C$2124:$J$2223,73,$C$4)) | L79: =IF(NOT(ISNUMBER(K79)),"",INDEX(Noten,MAX(1,MIN(COUNT(NGrenze),COUNT(NGrenze)+1-COUNTIF(NGrenze,"<="&K79))))&" – "&INDEX(NText,MAX(1,MIN(COUNT(NGrenze),COUNT(NGrenze)+1-COUNTIF(NGrenze,"<="&K79))))) | M79: =IF('Stammdaten'!$B78="","",INDEX(Daten!$C$2229:$J$2328,73,$C$4)) | N79: =IF(NOT(ISNUMBER(M79)),"",INDEX(Noten,MAX(1,MIN(COUNT(NGrenze),COUNT(NGrenze)+1-COUNTIF(NGrenze,"<="&M79))))&" – "&INDEX(NText,MAX(1,MIN(COUNT(NGrenze),COUNT(NGrenze)+1-COUNTIF(NGrenze,"<="&M79))))) | O79: =IF($A79="","",IF($G79=0,"keine Bewertung",IF($G79<SchwelleDB,"wenig Datenbasis","")))&IF(AND($A79<>"",'Stammdaten'!$G78<>"aktiv")," · "&'Stammdaten'!$G78,"")
A80: =IF('Stammdaten'!$B79="","",74) | B80: =IF('Stammdaten'!$B79="","",'Stammdaten'!$B79) | C80: =IF('Stammdaten'!$B79="","",'Stammdaten'!$C79) | D80: =IF('Stammdaten'!$B79="","",'Stammdaten'!$D79) | E80: =IF('Stammdaten'!$B79="","",'Stammdaten'!$E79) | F80: =IF('Stammdaten'!$B79="","",'Stammdaten'!$H79) | G80: =IF('Stammdaten'!$B79="","",INDEX(Daten!$C$1704:$J$1803,74,$C$4)) | H80: =IF('Stammdaten'!$B79="","",INDEX(Daten!$C$2019:$J$2118,74,$C$4)) | I80: =IF(NOT(ISNUMBER(H80)),"",INDEX(Noten,MAX(1,MIN(COUNT(NGrenze),COUNT(NGrenze)+1-COUNTIF(NGrenze,"<="&H80))))&" – "&INDEX(NText,MAX(1,MIN(COUNT(NGrenze),COUNT(NGrenze)+1-COUNTIF(NGrenze,"<="&H80))))) | J80: =IF('Stammdaten'!$B79="","",INDEX(Daten!$C$1914:$J$2013,74,$C$4)) | K80: =IF('Stammdaten'!$B79="","",INDEX(Daten!$C$2124:$J$2223,74,$C$4)) | L80: =IF(NOT(ISNUMBER(K80)),"",INDEX(Noten,MAX(1,MIN(COUNT(NGrenze),COUNT(NGrenze)+1-COUNTIF(NGrenze,"<="&K80))))&" – "&INDEX(NText,MAX(1,MIN(COUNT(NGrenze),COUNT(NGrenze)+1-COUNTIF(NGrenze,"<="&K80))))) | M80: =IF('Stammdaten'!$B79="","",INDEX(Daten!$C$2229:$J$2328,74,$C$4)) | N80: =IF(NOT(ISNUMBER(M80)),"",INDEX(Noten,MAX(1,MIN(COUNT(NGrenze),COUNT(NGrenze)+1-COUNTIF(NGrenze,"<="&M80))))&" – "&INDEX(NText,MAX(1,MIN(COUNT(NGrenze),COUNT(NGrenze)+1-COUNTIF(NGrenze,"<="&M80))))) | O80: =IF($A80="","",IF($G80=0,"keine Bewertung",IF($G80<SchwelleDB,"wenig Datenbasis","")))&IF(AND($A80<>"",'Stammdaten'!$G79<>"aktiv")," · "&'Stammdaten'!$G79,"")
A81: =IF('Stammdaten'!$B80="","",75) | B81: =IF('Stammdaten'!$B80="","",'Stammdaten'!$B80) | C81: =IF('Stammdaten'!$B80="","",'Stammdaten'!$C80) | D81: =IF('Stammdaten'!$B80="","",'Stammdaten'!$D80) | E81: =IF('Stammdaten'!$B80="","",'Stammdaten'!$E80) | F81: =IF('Stammdaten'!$B80="","",'Stammdaten'!$H80) | G81: =IF('Stammdaten'!$B80="","",INDEX(Daten!$C$1704:$J$1803,75,$C$4)) | H81: =IF('Stammdaten'!$B80="","",INDEX(Daten!$C$2019:$J$2118,75,$C$4)) | I81: =IF(NOT(ISNUMBER(H81)),"",INDEX(Noten,MAX(1,MIN(COUNT(NGrenze),COUNT(NGrenze)+1-COUNTIF(NGrenze,"<="&H81))))&" – "&INDEX(NText,MAX(1,MIN(COUNT(NGrenze),COUNT(NGrenze)+1-COUNTIF(NGrenze,"<="&H81))))) | J81: =IF('Stammdaten'!$B80="","",INDEX(Daten!$C$1914:$J$2013,75,$C$4)) | K81: =IF('Stammdaten'!$B80="","",INDEX(Daten!$C$2124:$J$2223,75,$C$4)) | L81: =IF(NOT(ISNUMBER(K81)),"",INDEX(Noten,MAX(1,MIN(COUNT(NGrenze),COUNT(NGrenze)+1-COUNTIF(NGrenze,"<="&K81))))&" – "&INDEX(NText,MAX(1,MIN(COUNT(NGrenze),COUNT(NGrenze)+1-COUNTIF(NGrenze,"<="&K81))))) | M81: =IF('Stammdaten'!$B80="","",INDEX(Daten!$C$2229:$J$2328,75,$C$4)) | N81: =IF(NOT(ISNUMBER(M81)),"",INDEX(Noten,MAX(1,MIN(COUNT(NGrenze),COUNT(NGrenze)+1-COUNTIF(NGrenze,"<="&M81))))&" – "&INDEX(NText,MAX(1,MIN(COUNT(NGrenze),COUNT(NGrenze)+1-COUNTIF(NGrenze,"<="&M81))))) | O81: =IF($A81="","",IF($G81=0,"keine Bewertung",IF($G81<SchwelleDB,"wenig Datenbasis","")))&IF(AND($A81<>"",'Stammdaten'!$G80<>"aktiv")," · "&'Stammdaten'!$G80,"")
A82: =IF('Stammdaten'!$B81="","",76) | B82: =IF('Stammdaten'!$B81="","",'Stammdaten'!$B81) | C82: =IF('Stammdaten'!$B81="","",'Stammdaten'!$C81) | D82: =IF('Stammdaten'!$B81="","",'Stammdaten'!$D81) | E82: =IF('Stammdaten'!$B81="","",'Stammdaten'!$E81) | F82: =IF('Stammdaten'!$B81="","",'Stammdaten'!$H81) | G82: =IF('Stammdaten'!$B81="","",INDEX(Daten!$C$1704:$J$1803,76,$C$4)) | H82: =IF('Stammdaten'!$B81="","",INDEX(Daten!$C$2019:$J$2118,76,$C$4)) | I82: =IF(NOT(ISNUMBER(H82)),"",INDEX(Noten,MAX(1,MIN(COUNT(NGrenze),COUNT(NGrenze)+1-COUNTIF(NGrenze,"<="&H82))))&" – "&INDEX(NText,MAX(1,MIN(COUNT(NGrenze),COUNT(NGrenze)+1-COUNTIF(NGrenze,"<="&H82))))) | J82: =IF('Stammdaten'!$B81="","",INDEX(Daten!$C$1914:$J$2013,76,$C$4)) | K82: =IF('Stammdaten'!$B81="","",INDEX(Daten!$C$2124:$J$2223,76,$C$4)) | L82: =IF(NOT(ISNUMBER(K82)),"",INDEX(Noten,MAX(1,MIN(COUNT(NGrenze),COUNT(NGrenze)+1-COUNTIF(NGrenze,"<="&K82))))&" – "&INDEX(NText,MAX(1,MIN(COUNT(NGrenze),COUNT(NGrenze)+1-COUNTIF(NGrenze,"<="&K82))))) | M82: =IF('Stammdaten'!$B81="","",INDEX(Daten!$C$2229:$J$2328,76,$C$4)) | N82: =IF(NOT(ISNUMBER(M82)),"",INDEX(Noten,MAX(1,MIN(COUNT(NGrenze),COUNT(NGrenze)+1-COUNTIF(NGrenze,"<="&M82))))&" – "&INDEX(NText,MAX(1,MIN(COUNT(NGrenze),COUNT(NGrenze)+1-COUNTIF(NGrenze,"<="&M82))))) | O82: =IF($A82="","",IF($G82=0,"keine Bewertung",IF($G82<SchwelleDB,"wenig Datenbasis","")))&IF(AND($A82<>"",'Stammdaten'!$G81<>"aktiv")," · "&'Stammdaten'!$G81,"")
A83: =IF('Stammdaten'!$B82="","",77) | B83: =IF('Stammdaten'!$B82="","",'Stammdaten'!$B82) | C83: =IF('Stammdaten'!$B82="","",'Stammdaten'!$C82) | D83: =IF('Stammdaten'!$B82="","",'Stammdaten'!$D82) | E83: =IF('Stammdaten'!$B82="","",'Stammdaten'!$E82) | F83: =IF('Stammdaten'!$B82="","",'Stammdaten'!$H82) | G83: =IF('Stammdaten'!$B82="","",INDEX(Daten!$C$1704:$J$1803,77,$C$4)) | H83: =IF('Stammdaten'!$B82="","",INDEX(Daten!$C$2019:$J$2118,77,$C$4)) | I83: =IF(NOT(ISNUMBER(H83)),"",INDEX(Noten,MAX(1,MIN(COUNT(NGrenze),COUNT(NGrenze)+1-COUNTIF(NGrenze,"<="&H83))))&" – "&INDEX(NText,MAX(1,MIN(COUNT(NGrenze),COUNT(NGrenze)+1-COUNTIF(NGrenze,"<="&H83))))) | J83: =IF('Stammdaten'!$B82="","",INDEX(Daten!$C$1914:$J$2013,77,$C$4)) | K83: =IF('Stammdaten'!$B82="","",INDEX(Daten!$C$2124:$J$2223,77,$C$4)) | L83: =IF(NOT(ISNUMBER(K83)),"",INDEX(Noten,MAX(1,MIN(COUNT(NGrenze),COUNT(NGrenze)+1-COUNTIF(NGrenze,"<="&K83))))&" – "&INDEX(NText,MAX(1,MIN(COUNT(NGrenze),COUNT(NGrenze)+1-COUNTIF(NGrenze,"<="&K83))))) | M83: =IF('Stammdaten'!$B82="","",INDEX(Daten!$C$2229:$J$2328,77,$C$4)) | N83: =IF(NOT(ISNUMBER(M83)),"",INDEX(Noten,MAX(1,MIN(COUNT(NGrenze),COUNT(NGrenze)+1-COUNTIF(NGrenze,"<="&M83))))&" – "&INDEX(NText,MAX(1,MIN(COUNT(NGrenze),COUNT(NGrenze)+1-COUNTIF(NGrenze,"<="&M83))))) | O83: =IF($A83="","",IF($G83=0,"keine Bewertung",IF($G83<SchwelleDB,"wenig Datenbasis","")))&IF(AND($A83<>"",'Stammdaten'!$G82<>"aktiv")," · "&'Stammdaten'!$G82,"")
A84: =IF('Stammdaten'!$B83="","",78) | B84: =IF('Stammdaten'!$B83="","",'Stammdaten'!$B83) | C84: =IF('Stammdaten'!$B83="","",'Stammdaten'!$C83) | D84: =IF('Stammdaten'!$B83="","",'Stammdaten'!$D83) | E84: =IF('Stammdaten'!$B83="","",'Stammdaten'!$E83) | F84: =IF('Stammdaten'!$B83="","",'Stammdaten'!$H83) | G84: =IF('Stammdaten'!$B83="","",INDEX(Daten!$C$1704:$J$1803,78,$C$4)) | H84: =IF('Stammdaten'!$B83="","",INDEX(Daten!$C$2019:$J$2118,78,$C$4)) | I84: =IF(NOT(ISNUMBER(H84)),"",INDEX(Noten,MAX(1,MIN(COUNT(NGrenze),COUNT(NGrenze)+1-COUNTIF(NGrenze,"<="&H84))))&" – "&INDEX(NText,MAX(1,MIN(COUNT(NGrenze),COUNT(NGrenze)+1-COUNTIF(NGrenze,"<="&H84))))) | J84: =IF('Stammdaten'!$B83="","",INDEX(Daten!$C$1914:$J$2013,78,$C$4)) | K84: =IF('Stammdaten'!$B83="","",INDEX(Daten!$C$2124:$J$2223,78,$C$4)) | L84: =IF(NOT(ISNUMBER(K84)),"",INDEX(Noten,MAX(1,MIN(COUNT(NGrenze),COUNT(NGrenze)+1-COUNTIF(NGrenze,"<="&K84))))&" – "&INDEX(NText,MAX(1,MIN(COUNT(NGrenze),COUNT(NGrenze)+1-COUNTIF(NGrenze,"<="&K84))))) | M84: =IF('Stammdaten'!$B83="","",INDEX(Daten!$C$2229:$J$2328,78,$C$4)) | N84: =IF(NOT(ISNUMBER(M84)),"",INDEX(Noten,MAX(1,MIN(COUNT(NGrenze),COUNT(NGrenze)+1-COUNTIF(NGrenze,"<="&M84))))&" – "&INDEX(NText,MAX(1,MIN(COUNT(NGrenze),COUNT(NGrenze)+1-COUNTIF(NGrenze,"<="&M84))))) | O84: =IF($A84="","",IF($G84=0,"keine Bewertung",IF($G84<SchwelleDB,"wenig Datenbasis","")))&IF(AND($A84<>"",'Stammdaten'!$G83<>"aktiv")," · "&'Stammdaten'!$G83,"")
A85: =IF('Stammdaten'!$B84="","",79) | B85: =IF('Stammdaten'!$B84="","",'Stammdaten'!$B84) | C85: =IF('Stammdaten'!$B84="","",'Stammdaten'!$C84) | D85: =IF('Stammdaten'!$B84="","",'Stammdaten'!$D84) | E85: =IF('Stammdaten'!$B84="","",'Stammdaten'!$E84) | F85: =IF('Stammdaten'!$B84="","",'Stammdaten'!$H84) | G85: =IF('Stammdaten'!$B84="","",INDEX(Daten!$C$1704:$J$1803,79,$C$4)) | H85: =IF('Stammdaten'!$B84="","",INDEX(Daten!$C$2019:$J$2118,79,$C$4)) | I85: =IF(NOT(ISNUMBER(H85)),"",INDEX(Noten,MAX(1,MIN(COUNT(NGrenze),COUNT(NGrenze)+1-COUNTIF(NGrenze,"<="&H85))))&" – "&INDEX(NText,MAX(1,MIN(COUNT(NGrenze),COUNT(NGrenze)+1-COUNTIF(NGrenze,"<="&H85))))) | J85: =IF('Stammdaten'!$B84="","",INDEX(Daten!$C$1914:$J$2013,79,$C$4)) | K85: =IF('Stammdaten'!$B84="","",INDEX(Daten!$C$2124:$J$2223,79,$C$4)) | L85: =IF(NOT(ISNUMBER(K85)),"",INDEX(Noten,MAX(1,MIN(COUNT(NGrenze),COUNT(NGrenze)+1-COUNTIF(NGrenze,"<="&K85))))&" – "&INDEX(NText,MAX(1,MIN(COUNT(NGrenze),COUNT(NGrenze)+1-COUNTIF(NGrenze,"<="&K85))))) | M85: =IF('Stammdaten'!$B84="","",INDEX(Daten!$C$2229:$J$2328,79,$C$4)) | N85: =IF(NOT(ISNUMBER(M85)),"",INDEX(Noten,MAX(1,MIN(COUNT(NGrenze),COUNT(NGrenze)+1-COUNTIF(NGrenze,"<="&M85))))&" – "&INDEX(NText,MAX(1,MIN(COUNT(NGrenze),COUNT(NGrenze)+1-COUNTIF(NGrenze,"<="&M85))))) | O85: =IF($A85="","",IF($G85=0,"keine Bewertung",IF($G85<SchwelleDB,"wenig Datenbasis","")))&IF(AND($A85<>"",'Stammdaten'!$G84<>"aktiv")," · "&'Stammdaten'!$G84,"")
A86: =IF('Stammdaten'!$B85="","",80) | B86: =IF('Stammdaten'!$B85="","",'Stammdaten'!$B85) | C86: =IF('Stammdaten'!$B85="","",'Stammdaten'!$C85) | D86: =IF('Stammdaten'!$B85="","",'Stammdaten'!$D85) | E86: =IF('Stammdaten'!$B85="","",'Stammdaten'!$E85) | F86: =IF('Stammdaten'!$B85="","",'Stammdaten'!$H85) | G86: =IF('Stammdaten'!$B85="","",INDEX(Daten!$C$1704:$J$1803,80,$C$4)) | H86: =IF('Stammdaten'!$B85="","",INDEX(Daten!$C$2019:$J$2118,80,$C$4)) | I86: =IF(NOT(ISNUMBER(H86)),"",INDEX(Noten,MAX(1,MIN(COUNT(NGrenze),COUNT(NGrenze)+1-COUNTIF(NGrenze,"<="&H86))))&" – "&INDEX(NText,MAX(1,MIN(COUNT(NGrenze),COUNT(NGrenze)+1-COUNTIF(NGrenze,"<="&H86))))) | J86: =IF('Stammdaten'!$B85="","",INDEX(Daten!$C$1914:$J$2013,80,$C$4)) | K86: =IF('Stammdaten'!$B85="","",INDEX(Daten!$C$2124:$J$2223,80,$C$4)) | L86: =IF(NOT(ISNUMBER(K86)),"",INDEX(Noten,MAX(1,MIN(COUNT(NGrenze),COUNT(NGrenze)+1-COUNTIF(NGrenze,"<="&K86))))&" – "&INDEX(NText,MAX(1,MIN(COUNT(NGrenze),COUNT(NGrenze)+1-COUNTIF(NGrenze,"<="&K86))))) | M86: =IF('Stammdaten'!$B85="","",INDEX(Daten!$C$2229:$J$2328,80,$C$4)) | N86: =IF(NOT(ISNUMBER(M86)),"",INDEX(Noten,MAX(1,MIN(COUNT(NGrenze),COUNT(NGrenze)+1-COUNTIF(NGrenze,"<="&M86))))&" – "&INDEX(NText,MAX(1,MIN(COUNT(NGrenze),COUNT(NGrenze)+1-COUNTIF(NGrenze,"<="&M86))))) | O86: =IF($A86="","",IF($G86=0,"keine Bewertung",IF($G86<SchwelleDB,"wenig Datenbasis","")))&IF(AND($A86<>"",'Stammdaten'!$G85<>"aktiv")," · "&'Stammdaten'!$G85,"")
A87: =IF('Stammdaten'!$B86="","",81) | B87: =IF('Stammdaten'!$B86="","",'Stammdaten'!$B86) | C87: =IF('Stammdaten'!$B86="","",'Stammdaten'!$C86) | D87: =IF('Stammdaten'!$B86="","",'Stammdaten'!$D86) | E87: =IF('Stammdaten'!$B86="","",'Stammdaten'!$E86) | F87: =IF('Stammdaten'!$B86="","",'Stammdaten'!$H86) | G87: =IF('Stammdaten'!$B86="","",INDEX(Daten!$C$1704:$J$1803,81,$C$4)) | H87: =IF('Stammdaten'!$B86="","",INDEX(Daten!$C$2019:$J$2118,81,$C$4)) | I87: =IF(NOT(ISNUMBER(H87)),"",INDEX(Noten,MAX(1,MIN(COUNT(NGrenze),COUNT(NGrenze)+1-COUNTIF(NGrenze,"<="&H87))))&" – "&INDEX(NText,MAX(1,MIN(COUNT(NGrenze),COUNT(NGrenze)+1-COUNTIF(NGrenze,"<="&H87))))) | J87: =IF('Stammdaten'!$B86="","",INDEX(Daten!$C$1914:$J$2013,81,$C$4)) | K87: =IF('Stammdaten'!$B86="","",INDEX(Daten!$C$2124:$J$2223,81,$C$4)) | L87: =IF(NOT(ISNUMBER(K87)),"",INDEX(Noten,MAX(1,MIN(COUNT(NGrenze),COUNT(NGrenze)+1-COUNTIF(NGrenze,"<="&K87))))&" – "&INDEX(NText,MAX(1,MIN(COUNT(NGrenze),COUNT(NGrenze)+1-COUNTIF(NGrenze,"<="&K87))))) | M87: =IF('Stammdaten'!$B86="","",INDEX(Daten!$C$2229:$J$2328,81,$C$4)) | N87: =IF(NOT(ISNUMBER(M87)),"",INDEX(Noten,MAX(1,MIN(COUNT(NGrenze),COUNT(NGrenze)+1-COUNTIF(NGrenze,"<="&M87))))&" – "&INDEX(NText,MAX(1,MIN(COUNT(NGrenze),COUNT(NGrenze)+1-COUNTIF(NGrenze,"<="&M87))))) | O87: =IF($A87="","",IF($G87=0,"keine Bewertung",IF($G87<SchwelleDB,"wenig Datenbasis","")))&IF(AND($A87<>"",'Stammdaten'!$G86<>"aktiv")," · "&'Stammdaten'!$G86,"")
A88: =IF('Stammdaten'!$B87="","",82) | B88: =IF('Stammdaten'!$B87="","",'Stammdaten'!$B87) | C88: =IF('Stammdaten'!$B87="","",'Stammdaten'!$C87) | D88: =IF('Stammdaten'!$B87="","",'Stammdaten'!$D87) | E88: =IF('Stammdaten'!$B87="","",'Stammdaten'!$E87) | F88: =IF('Stammdaten'!$B87="","",'Stammdaten'!$H87) | G88: =IF('Stammdaten'!$B87="","",INDEX(Daten!$C$1704:$J$1803,82,$C$4)) | H88: =IF('Stammdaten'!$B87="","",INDEX(Daten!$C$2019:$J$2118,82,$C$4)) | I88: =IF(NOT(ISNUMBER(H88)),"",INDEX(Noten,MAX(1,MIN(COUNT(NGrenze),COUNT(NGrenze)+1-COUNTIF(NGrenze,"<="&H88))))&" – "&INDEX(NText,MAX(1,MIN(COUNT(NGrenze),COUNT(NGrenze)+1-COUNTIF(NGrenze,"<="&H88))))) | J88: =IF('Stammdaten'!$B87="","",INDEX(Daten!$C$1914:$J$2013,82,$C$4)) | K88: =IF('Stammdaten'!$B87="","",INDEX(Daten!$C$2124:$J$2223,82,$C$4)) | L88: =IF(NOT(ISNUMBER(K88)),"",INDEX(Noten,MAX(1,MIN(COUNT(NGrenze),COUNT(NGrenze)+1-COUNTIF(NGrenze,"<="&K88))))&" – "&INDEX(NText,MAX(1,MIN(COUNT(NGrenze),COUNT(NGrenze)+1-COUNTIF(NGrenze,"<="&K88))))) | M88: =IF('Stammdaten'!$B87="","",INDEX(Daten!$C$2229:$J$2328,82,$C$4)) | N88: =IF(NOT(ISNUMBER(M88)),"",INDEX(Noten,MAX(1,MIN(COUNT(NGrenze),COUNT(NGrenze)+1-COUNTIF(NGrenze,"<="&M88))))&" – "&INDEX(NText,MAX(1,MIN(COUNT(NGrenze),COUNT(NGrenze)+1-COUNTIF(NGrenze,"<="&M88))))) | O88: =IF($A88="","",IF($G88=0,"keine Bewertung",IF($G88<SchwelleDB,"wenig Datenbasis","")))&IF(AND($A88<>"",'Stammdaten'!$G87<>"aktiv")," · "&'Stammdaten'!$G87,"")
A89: =IF('Stammdaten'!$B88="","",83) | B89: =IF('Stammdaten'!$B88="","",'Stammdaten'!$B88) | C89: =IF('Stammdaten'!$B88="","",'Stammdaten'!$C88) | D89: =IF('Stammdaten'!$B88="","",'Stammdaten'!$D88) | E89: =IF('Stammdaten'!$B88="","",'Stammdaten'!$E88) | F89: =IF('Stammdaten'!$B88="","",'Stammdaten'!$H88) | G89: =IF('Stammdaten'!$B88="","",INDEX(Daten!$C$1704:$J$1803,83,$C$4)) | H89: =IF('Stammdaten'!$B88="","",INDEX(Daten!$C$2019:$J$2118,83,$C$4)) | I89: =IF(NOT(ISNUMBER(H89)),"",INDEX(Noten,MAX(1,MIN(COUNT(NGrenze),COUNT(NGrenze)+1-COUNTIF(NGrenze,"<="&H89))))&" – "&INDEX(NText,MAX(1,MIN(COUNT(NGrenze),COUNT(NGrenze)+1-COUNTIF(NGrenze,"<="&H89))))) | J89: =IF('Stammdaten'!$B88="","",INDEX(Daten!$C$1914:$J$2013,83,$C$4)) | K89: =IF('Stammdaten'!$B88="","",INDEX(Daten!$C$2124:$J$2223,83,$C$4)) | L89: =IF(NOT(ISNUMBER(K89)),"",INDEX(Noten,MAX(1,MIN(COUNT(NGrenze),COUNT(NGrenze)+1-COUNTIF(NGrenze,"<="&K89))))&" – "&INDEX(NText,MAX(1,MIN(COUNT(NGrenze),COUNT(NGrenze)+1-COUNTIF(NGrenze,"<="&K89))))) | M89: =IF('Stammdaten'!$B88="","",INDEX(Daten!$C$2229:$J$2328,83,$C$4)) | N89: =IF(NOT(ISNUMBER(M89)),"",INDEX(Noten,MAX(1,MIN(COUNT(NGrenze),COUNT(NGrenze)+1-COUNTIF(NGrenze,"<="&M89))))&" – "&INDEX(NText,MAX(1,MIN(COUNT(NGrenze),COUNT(NGrenze)+1-COUNTIF(NGrenze,"<="&M89))))) | O89: =IF($A89="","",IF($G89=0,"keine Bewertung",IF($G89<SchwelleDB,"wenig Datenbasis","")))&IF(AND($A89<>"",'Stammdaten'!$G88<>"aktiv")," · "&'Stammdaten'!$G88,"")
A90: =IF('Stammdaten'!$B89="","",84) | B90: =IF('Stammdaten'!$B89="","",'Stammdaten'!$B89) | C90: =IF('Stammdaten'!$B89="","",'Stammdaten'!$C89) | D90: =IF('Stammdaten'!$B89="","",'Stammdaten'!$D89) | E90: =IF('Stammdaten'!$B89="","",'Stammdaten'!$E89) | F90: =IF('Stammdaten'!$B89="","",'Stammdaten'!$H89) | G90: =IF('Stammdaten'!$B89="","",INDEX(Daten!$C$1704:$J$1803,84,$C$4)) | H90: =IF('Stammdaten'!$B89="","",INDEX(Daten!$C$2019:$J$2118,84,$C$4)) | I90: =IF(NOT(ISNUMBER(H90)),"",INDEX(Noten,MAX(1,MIN(COUNT(NGrenze),COUNT(NGrenze)+1-COUNTIF(NGrenze,"<="&H90))))&" – "&INDEX(NText,MAX(1,MIN(COUNT(NGrenze),COUNT(NGrenze)+1-COUNTIF(NGrenze,"<="&H90))))) | J90: =IF('Stammdaten'!$B89="","",INDEX(Daten!$C$1914:$J$2013,84,$C$4)) | K90: =IF('Stammdaten'!$B89="","",INDEX(Daten!$C$2124:$J$2223,84,$C$4)) | L90: =IF(NOT(ISNUMBER(K90)),"",INDEX(Noten,MAX(1,MIN(COUNT(NGrenze),COUNT(NGrenze)+1-COUNTIF(NGrenze,"<="&K90))))&" – "&INDEX(NText,MAX(1,MIN(COUNT(NGrenze),COUNT(NGrenze)+1-COUNTIF(NGrenze,"<="&K90))))) | M90: =IF('Stammdaten'!$B89="","",INDEX(Daten!$C$2229:$J$2328,84,$C$4)) | N90: =IF(NOT(ISNUMBER(M90)),"",INDEX(Noten,MAX(1,MIN(COUNT(NGrenze),COUNT(NGrenze)+1-COUNTIF(NGrenze,"<="&M90))))&" – "&INDEX(NText,MAX(1,MIN(COUNT(NGrenze),COUNT(NGrenze)+1-COUNTIF(NGrenze,"<="&M90))))) | O90: =IF($A90="","",IF($G90=0,"keine Bewertung",IF($G90<SchwelleDB,"wenig Datenbasis","")))&IF(AND($A90<>"",'Stammdaten'!$G89<>"aktiv")," · "&'Stammdaten'!$G89,"")
A91: =IF('Stammdaten'!$B90="","",85) | B91: =IF('Stammdaten'!$B90="","",'Stammdaten'!$B90) | C91: =IF('Stammdaten'!$B90="","",'Stammdaten'!$C90) | D91: =IF('Stammdaten'!$B90="","",'Stammdaten'!$D90) | E91: =IF('Stammdaten'!$B90="","",'Stammdaten'!$E90) | F91: =IF('Stammdaten'!$B90="","",'Stammdaten'!$H90) | G91: =IF('Stammdaten'!$B90="","",INDEX(Daten!$C$1704:$J$1803,85,$C$4)) | H91: =IF('Stammdaten'!$B90="","",INDEX(Daten!$C$2019:$J$2118,85,$C$4)) | I91: =IF(NOT(ISNUMBER(H91)),"",INDEX(Noten,MAX(1,MIN(COUNT(NGrenze),COUNT(NGrenze)+1-COUNTIF(NGrenze,"<="&H91))))&" – "&INDEX(NText,MAX(1,MIN(COUNT(NGrenze),COUNT(NGrenze)+1-COUNTIF(NGrenze,"<="&H91))))) | J91: =IF('Stammdaten'!$B90="","",INDEX(Daten!$C$1914:$J$2013,85,$C$4)) | K91: =IF('Stammdaten'!$B90="","",INDEX(Daten!$C$2124:$J$2223,85,$C$4)) | L91: =IF(NOT(ISNUMBER(K91)),"",INDEX(Noten,MAX(1,MIN(COUNT(NGrenze),COUNT(NGrenze)+1-COUNTIF(NGrenze,"<="&K91))))&" – "&INDEX(NText,MAX(1,MIN(COUNT(NGrenze),COUNT(NGrenze)+1-COUNTIF(NGrenze,"<="&K91))))) | M91: =IF('Stammdaten'!$B90="","",INDEX(Daten!$C$2229:$J$2328,85,$C$4)) | N91: =IF(NOT(ISNUMBER(M91)),"",INDEX(Noten,MAX(1,MIN(COUNT(NGrenze),COUNT(NGrenze)+1-COUNTIF(NGrenze,"<="&M91))))&" – "&INDEX(NText,MAX(1,MIN(COUNT(NGrenze),COUNT(NGrenze)+1-COUNTIF(NGrenze,"<="&M91))))) | O91: =IF($A91="","",IF($G91=0,"keine Bewertung",IF($G91<SchwelleDB,"wenig Datenbasis","")))&IF(AND($A91<>"",'Stammdaten'!$G90<>"aktiv")," · "&'Stammdaten'!$G90,"")
A92: =IF('Stammdaten'!$B91="","",86) | B92: =IF('Stammdaten'!$B91="","",'Stammdaten'!$B91) | C92: =IF('Stammdaten'!$B91="","",'Stammdaten'!$C91) | D92: =IF('Stammdaten'!$B91="","",'Stammdaten'!$D91) | E92: =IF('Stammdaten'!$B91="","",'Stammdaten'!$E91) | F92: =IF('Stammdaten'!$B91="","",'Stammdaten'!$H91) | G92: =IF('Stammdaten'!$B91="","",INDEX(Daten!$C$1704:$J$1803,86,$C$4)) | H92: =IF('Stammdaten'!$B91="","",INDEX(Daten!$C$2019:$J$2118,86,$C$4)) | I92: =IF(NOT(ISNUMBER(H92)),"",INDEX(Noten,MAX(1,MIN(COUNT(NGrenze),COUNT(NGrenze)+1-COUNTIF(NGrenze,"<="&H92))))&" – "&INDEX(NText,MAX(1,MIN(COUNT(NGrenze),COUNT(NGrenze)+1-COUNTIF(NGrenze,"<="&H92))))) | J92: =IF('Stammdaten'!$B91="","",INDEX(Daten!$C$1914:$J$2013,86,$C$4)) | K92: =IF('Stammdaten'!$B91="","",INDEX(Daten!$C$2124:$J$2223,86,$C$4)) | L92: =IF(NOT(ISNUMBER(K92)),"",INDEX(Noten,MAX(1,MIN(COUNT(NGrenze),COUNT(NGrenze)+1-COUNTIF(NGrenze,"<="&K92))))&" – "&INDEX(NText,MAX(1,MIN(COUNT(NGrenze),COUNT(NGrenze)+1-COUNTIF(NGrenze,"<="&K92))))) | M92: =IF('Stammdaten'!$B91="","",INDEX(Daten!$C$2229:$J$2328,86,$C$4)) | N92: =IF(NOT(ISNUMBER(M92)),"",INDEX(Noten,MAX(1,MIN(COUNT(NGrenze),COUNT(NGrenze)+1-COUNTIF(NGrenze,"<="&M92))))&" – "&INDEX(NText,MAX(1,MIN(COUNT(NGrenze),COUNT(NGrenze)+1-COUNTIF(NGrenze,"<="&M92))))) | O92: =IF($A92="","",IF($G92=0,"keine Bewertung",IF($G92<SchwelleDB,"wenig Datenbasis","")))&IF(AND($A92<>"",'Stammdaten'!$G91<>"aktiv")," · "&'Stammdaten'!$G91,"")
A93: =IF('Stammdaten'!$B92="","",87) | B93: =IF('Stammdaten'!$B92="","",'Stammdaten'!$B92) | C93: =IF('Stammdaten'!$B92="","",'Stammdaten'!$C92) | D93: =IF('Stammdaten'!$B92="","",'Stammdaten'!$D92) | E93: =IF('Stammdaten'!$B92="","",'Stammdaten'!$E92) | F93: =IF('Stammdaten'!$B92="","",'Stammdaten'!$H92) | G93: =IF('Stammdaten'!$B92="","",INDEX(Daten!$C$1704:$J$1803,87,$C$4)) | H93: =IF('Stammdaten'!$B92="","",INDEX(Daten!$C$2019:$J$2118,87,$C$4)) | I93: =IF(NOT(ISNUMBER(H93)),"",INDEX(Noten,MAX(1,MIN(COUNT(NGrenze),COUNT(NGrenze)+1-COUNTIF(NGrenze,"<="&H93))))&" – "&INDEX(NText,MAX(1,MIN(COUNT(NGrenze),COUNT(NGrenze)+1-COUNTIF(NGrenze,"<="&H93))))) | J93: =IF('Stammdaten'!$B92="","",INDEX(Daten!$C$1914:$J$2013,87,$C$4)) | K93: =IF('Stammdaten'!$B92="","",INDEX(Daten!$C$2124:$J$2223,87,$C$4)) | L93: =IF(NOT(ISNUMBER(K93)),"",INDEX(Noten,MAX(1,MIN(COUNT(NGrenze),COUNT(NGrenze)+1-COUNTIF(NGrenze,"<="&K93))))&" – "&INDEX(NText,MAX(1,MIN(COUNT(NGrenze),COUNT(NGrenze)+1-COUNTIF(NGrenze,"<="&K93))))) | M93: =IF('Stammdaten'!$B92="","",INDEX(Daten!$C$2229:$J$2328,87,$C$4)) | N93: =IF(NOT(ISNUMBER(M93)),"",INDEX(Noten,MAX(1,MIN(COUNT(NGrenze),COUNT(NGrenze)+1-COUNTIF(NGrenze,"<="&M93))))&" – "&INDEX(NText,MAX(1,MIN(COUNT(NGrenze),COUNT(NGrenze)+1-COUNTIF(NGrenze,"<="&M93))))) | O93: =IF($A93="","",IF($G93=0,"keine Bewertung",IF($G93<SchwelleDB,"wenig Datenbasis","")))&IF(AND($A93<>"",'Stammdaten'!$G92<>"aktiv")," · "&'Stammdaten'!$G92,"")
A94: =IF('Stammdaten'!$B93="","",88) | B94: =IF('Stammdaten'!$B93="","",'Stammdaten'!$B93) | C94: =IF('Stammdaten'!$B93="","",'Stammdaten'!$C93) | D94: =IF('Stammdaten'!$B93="","",'Stammdaten'!$D93) | E94: =IF('Stammdaten'!$B93="","",'Stammdaten'!$E93) | F94: =IF('Stammdaten'!$B93="","",'Stammdaten'!$H93) | G94: =IF('Stammdaten'!$B93="","",INDEX(Daten!$C$1704:$J$1803,88,$C$4)) | H94: =IF('Stammdaten'!$B93="","",INDEX(Daten!$C$2019:$J$2118,88,$C$4)) | I94: =IF(NOT(ISNUMBER(H94)),"",INDEX(Noten,MAX(1,MIN(COUNT(NGrenze),COUNT(NGrenze)+1-COUNTIF(NGrenze,"<="&H94))))&" – "&INDEX(NText,MAX(1,MIN(COUNT(NGrenze),COUNT(NGrenze)+1-COUNTIF(NGrenze,"<="&H94))))) | J94: =IF('Stammdaten'!$B93="","",INDEX(Daten!$C$1914:$J$2013,88,$C$4)) | K94: =IF('Stammdaten'!$B93="","",INDEX(Daten!$C$2124:$J$2223,88,$C$4)) | L94: =IF(NOT(ISNUMBER(K94)),"",INDEX(Noten,MAX(1,MIN(COUNT(NGrenze),COUNT(NGrenze)+1-COUNTIF(NGrenze,"<="&K94))))&" – "&INDEX(NText,MAX(1,MIN(COUNT(NGrenze),COUNT(NGrenze)+1-COUNTIF(NGrenze,"<="&K94))))) | M94: =IF('Stammdaten'!$B93="","",INDEX(Daten!$C$2229:$J$2328,88,$C$4)) | N94: =IF(NOT(ISNUMBER(M94)),"",INDEX(Noten,MAX(1,MIN(COUNT(NGrenze),COUNT(NGrenze)+1-COUNTIF(NGrenze,"<="&M94))))&" – "&INDEX(NText,MAX(1,MIN(COUNT(NGrenze),COUNT(NGrenze)+1-COUNTIF(NGrenze,"<="&M94))))) | O94: =IF($A94="","",IF($G94=0,"keine Bewertung",IF($G94<SchwelleDB,"wenig Datenbasis","")))&IF(AND($A94<>"",'Stammdaten'!$G93<>"aktiv")," · "&'Stammdaten'!$G93,"")
A95: =IF('Stammdaten'!$B94="","",89) | B95: =IF('Stammdaten'!$B94="","",'Stammdaten'!$B94) | C95: =IF('Stammdaten'!$B94="","",'Stammdaten'!$C94) | D95: =IF('Stammdaten'!$B94="","",'Stammdaten'!$D94) | E95: =IF('Stammdaten'!$B94="","",'Stammdaten'!$E94) | F95: =IF('Stammdaten'!$B94="","",'Stammdaten'!$H94) | G95: =IF('Stammdaten'!$B94="","",INDEX(Daten!$C$1704:$J$1803,89,$C$4)) | H95: =IF('Stammdaten'!$B94="","",INDEX(Daten!$C$2019:$J$2118,89,$C$4)) | I95: =IF(NOT(ISNUMBER(H95)),"",INDEX(Noten,MAX(1,MIN(COUNT(NGrenze),COUNT(NGrenze)+1-COUNTIF(NGrenze,"<="&H95))))&" – "&INDEX(NText,MAX(1,MIN(COUNT(NGrenze),COUNT(NGrenze)+1-COUNTIF(NGrenze,"<="&H95))))) | J95: =IF('Stammdaten'!$B94="","",INDEX(Daten!$C$1914:$J$2013,89,$C$4)) | K95: =IF('Stammdaten'!$B94="","",INDEX(Daten!$C$2124:$J$2223,89,$C$4)) | L95: =IF(NOT(ISNUMBER(K95)),"",INDEX(Noten,MAX(1,MIN(COUNT(NGrenze),COUNT(NGrenze)+1-COUNTIF(NGrenze,"<="&K95))))&" – "&INDEX(NText,MAX(1,MIN(COUNT(NGrenze),COUNT(NGrenze)+1-COUNTIF(NGrenze,"<="&K95))))) | M95: =IF('Stammdaten'!$B94="","",INDEX(Daten!$C$2229:$J$2328,89,$C$4)) | N95: =IF(NOT(ISNUMBER(M95)),"",INDEX(Noten,MAX(1,MIN(COUNT(NGrenze),COUNT(NGrenze)+1-COUNTIF(NGrenze,"<="&M95))))&" – "&INDEX(NText,MAX(1,MIN(COUNT(NGrenze),COUNT(NGrenze)+1-COUNTIF(NGrenze,"<="&M95))))) | O95: =IF($A95="","",IF($G95=0,"keine Bewertung",IF($G95<SchwelleDB,"wenig Datenbasis","")))&IF(AND($A95<>"",'Stammdaten'!$G94<>"aktiv")," · "&'Stammdaten'!$G94,"")
